店铺名称,店铺地址,种类,平均消费价格,店铺评分,评价人数,地区
辣爷重庆老火锅（温泉镇店）,海淀区温泉路尚峰尚水（尚品园D121）,重庆火锅,86.0,4.8,305,海淀区
芈重山老火锅（五道口店）,海淀区成府路35号五道口东源大厦2层东侧,重庆火锅,100.0,4.9,386,五道口
高兴火锅（知春路总店）,海淀区知春路甲20号,四川火锅,85.0,4.9,2498,知春路
高兴火锅（五道口店）,海淀区成府路35号五道口东源大厦6层,四川火锅,107.0,5.0,737,五道口
井格重庆火锅（五道口店）,海淀区成府路29号五道口国际食尚苑内,重庆火锅,97.0,4.5,424,五道口
九号重庆火锅（六道口店）,海淀区学清路甲18号中关村东升科技园学院一层A区101室,重庆火锅,100.0,4.7,3100,五道口
九九嗨吃火锅中心（航天桥店）,海淀区西三环中路航天桥西南角航天商务院内1楼（近九头鸟餐厅）,重庆火锅,92.0,4.8,154,航天桥
辣麻麻老灶火锅（人大紫金店）,海淀区万泉河路68号2楼,重庆火锅,81.0,4.5,1200,苏州桥
重八牛府之初入江湖（双榆树店）,海淀区双榆树东里15号一零一中学西门西行30米,火锅,81.0,4.9,5340,双榆树
宽板凳老灶火锅（永丰路店）,海淀区北清路68号院23号楼B1层北侧区域中段,重庆火锅,81.0,4.5,1876,西北旺
川椒缘火锅（民大西路店）,海淀区民族大学西路18号5号楼3层,川味火锅,90.0,4.5,318,魏公村
小有名重庆老火锅（建西苑店）,海淀区八角东街建西苑北里14号楼底商,重庆火锅,78.0,4.9,165,古城/八角
有拈头成都市井火锅（KALCITY能量城市店）,海淀区板井路69号能量城市B-L205、206层（KALCITY能量城市）,四川火锅,110.0,4.8,39,远大路
小码头重庆火锅（皂君东里店）,海淀区皂君庙路皂君东里36号楼（法雅体育商场北侧）,火锅,61.0,4.7,7038,大钟寺
小码头重庆火锅（永泰店）,海淀区永泰庄西路6号院一层,重庆火锅,71.0,4.7,3317,清河
海底捞火锅（紫竹桥店）,海淀区北洼路4号苏宁电器四层,四川火锅,108.0,4.9,78,紫竹桥
重庆地瓜老火锅（西四环北路总店）,海淀区西四环北路136号金泰海博大酒店2楼,重庆火锅,89.0,4.8,1981,四季青
重八牛府之小刀牛试（魏公村店）,海淀区中关村南大街2号华宇时尚购物中心夹层,特色火锅,98.0,4.9,4172,魏公村
龙船码头·成都醉美火锅（海淀店）,海淀区知春路地铁F口对面大运村公寓9号楼底商,四川火锅,116.0,4.9,603,知春路
唇辣号重庆老火锅（五道口店）,海淀区双清路西王庄5号楼1楼,重庆火锅,84.0,4.7,1855,五道口
小龙坎火锅（西直门店）,海淀区交大东路31号,四川火锅,111.0,4.3,793,北下关
凤王府成都火锅（北京西山店）,海淀区杏石口路80号,四川火锅,110.0,4.7,182,四季青
重八牛府之四海来客（食宝街店）,海淀区海淀区光耀东方中心100号,特色火锅,98.0,4.9,306,航天桥
芈重山老火锅（公主坟店）,海淀区复兴路城乡购物中心西侧2层（新华旅游观光电梯上二楼）,重庆火锅,95.0,4.8,319,公主坟/万寿路
HI辣火锅（五棵松店）,海淀区复兴路华熙live东区玛莎拉蒂北侧右转街内和畅小镇对面,四川火锅,101.0,4.4,2497,五棵松
沸炉鲜货火锅（军事博物馆店）,海淀区北蜂窝路14号（汉庭酒店北行100米，羊坊店派出所旁）,重庆火锅,94.0,4.8,736,北京西站/军博
巴奴毛肚火锅（北京新中关店）,海淀区中关村大街19号 新中关购物中心4层,重庆火锅,172.0,4.9,3,中关村
谭鸭血老火锅（五道口店）,海淀区成府路29号五道口国际食尚苑二楼,四川火锅,118.0,4.3,83,五道口
井格重庆火锅（当代商城店）,海淀区中关村南大街40号当代商城1栋7层702,重庆火锅,93.0,4.8,54,双榆树
洋马儿火锅（北京直营店）,海淀区北三环中路40号院b座101,重庆火锅,95.0,4.6,184,牡丹园/北太平庄
宽板凳老灶火锅（八角店）,海淀区八角东街京成商厦一层,重庆火锅,96.0,4.7,172,古城/八角
小码头重庆火锅二里庄店,海淀区志新西路11-14号,重庆火锅,63.0,4.4,1962,五道口
谭鸭血老火锅（五道口店）,海淀区成府路29号五道口国际食尚苑二楼,四川火锅,118.0,4.3,83,五道口
功夫潮牛潮汕牛肉火锅（上地店）,海淀区信息路19号（华联商厦对面）,潮汕牛肉火锅,99.0,4.6,748,上地
谭鸭血老火锅（中关村店）,海淀区中关村大街15-9号（食宝街一期2层，新东方斜对面，地铁4/10号线海淀黄庄站A2西北口）,四川火锅,128.0,4.3,185,中关村
井格重庆火锅（牡丹园店）,海淀区花园东路甲32号3层301室（吉野家楼上）,重庆火锅,102.0,4.9,177,牡丹园/北太平庄
小码头重庆火锅（明光村店）,海淀区西直门北大街明光村东门（天方饭店对面）,重庆火锅,58.0,4.4,3993,牡丹园/北太平庄
攀成钢小郡肝串串香（海淀直营总店）,海淀区成府路五道口国际食尚苑B区3层南侧（井格右手边楼梯上3楼）,串串香,99.0,4.8,749,五道口
磁器铜锅涮肉（学院南路店）,海淀区学院南路33号康福瑞假日酒店底商A2-2号磁器铜锅涮肉,老北京火锅,68.0,4.8,1481,北下关
102蹄花火锅（苏州桥店）,海淀区北三环西路甲60号（苏州桥东）,四川火锅,57.0,4.7,390,苏州桥
宽板凳老灶火锅（上地店）,海淀区上地西路41号院内（近上地华联北侧）,重庆火锅,88.0,4.1,1965,上地
小山娘川辣火锅（上地店）,海淀区东北旺西路8号院38号地下一层106,重庆火锅,85.0,4.8,1197,上地
沸炉鲜货火锅牡丹园店,海淀区花园路2号翠微百货西门北20米（牡丹集团西门）,重庆火锅,99.0,4.9,935,牡丹园/北太平庄
锅底儿火锅（永定路店）,海淀区复兴路甲36号百朗园社区（东门口）,四川火锅,88.0,4.1,147,五棵松
小龙坎火锅（清华园店）,海淀区中关村东路1号院清华科技园科技大厦C座102号,四川火锅,114.0,4.1,213,五道口
牛麒荟潮汕牛肉火锅（双清路店）,海淀区双清路6号院1号楼（7天酒店旁）,潮汕牛肉火锅,93.0,4.9,556,五道口
老街火锅（阜成路店）,海淀区阜成路定慧北里23号蓝宏中心1-2层,重庆火锅,108.0,4.7,121,五棵松
超岛串串火锅（龙湖星悦荟店）,海淀区龙湖北京西苑星悦荟,串串香,105.0,4.3,156,颐和园
寻鲜记·老北京铜锅涮肉（西客站食宝街店）,海淀区羊坊店路18号西站食宝街2层正对电梯,老北京火锅,108.0,4.3,221,北京西站/军博
沸炉鲜货火锅（龙湖星悦荟店）,海淀区中直路1号龙湖星悦荟1层（近西苑地铁站C1口，北京大学）,重庆火锅,113.0,4.5,550,颐和园
重八牛府之不忘初心（学院路店）,海淀区学清路10号院1号楼学清嘉创大厦A座2层,火锅,98.0,4.9,542,五道口
井格重庆火锅（圆明园农大店）,海淀区农大南路肖家河新村东区北门旁,重庆火锅,115.0,4.2,677,上地
贤合庄卤味火锅（万柳华联店）,海淀区巴沟路2号北京华联万柳购物中心B1,四川火锅,120.0,4.2,92,万柳
小山娘川辣火锅（凯德晶品店）,海淀区复兴路51号凯德晶品购物中心4层,重庆火锅,100.0,4.7,105,公主坟/万寿路
海底捞火锅（牡丹园店）,海淀区花园东路2号,四川火锅,101.0,4.8,140,牡丹园/北太平庄
唇辣号重庆老火锅（人民大学店）,海淀区苏州街57号,重庆火锅,100.0,4.4,119,中关村
黄仕秀吃火锅中心（五道口店）,海淀区学院路20号,重庆火锅,108.0,4.5,116,五道口
浩爷羊蝎子火锅（双榆树店）,海淀区双榆树一街双榆树北里甲18号（当代商场北侧、双榆树一街东行200米路北）,羊蝎子火锅,122.0,4.8,2173,双榆树
正福居老北京涮肉（彰化路店）,海淀区彰化路33号一层中段及二层（近西单翅酷）,老北京火锅,69.0,4.6,1262,四季青
102蹄花火锅（北大南门店）,海淀区海淀路19-1号中成大厦1楼（近理想国际大厦）,四川火锅,73.0,4.6,239,中关村
福口居（北太平庄店）,海淀区北太平庄北三环中路40号（近国美）,老北京火锅,63.0,4.9,10003,牡丹园/北太平庄
妈妈酥肉老火锅（八一制片厂店）,海淀区莲宝路十号院北门北平盛世旁边,四川火锅,80.0,4.8,257,六里桥/丽泽桥
滚滚火锅（学清路店）,海淀区学清嘉创大厦A座三层,四川火锅,102.0,4.8,7,五道口
海底捞火锅（枫蓝国际购物中心店）,海淀区西直门北大街32号枫蓝国际购物中心3层,四川火锅,111.0,4.9,63,北下关
海底捞火锅（枫蓝国际购物中心店）,海淀区西直门北大街32号枫蓝国际购物中心3层,四川火锅,111.0,4.9,63,北下关
呷哺呷哺（五棵松店）,海淀区复兴路32号院东物业楼二层1号,小火锅,50.0,4.9,474,五棵松
海底捞火锅（上地华联店）,海淀区农大南路1号院1号楼上地华联中心4层,四川火锅,111.0,4.9,17,上地
超岛串串火锅（龙湖星悦荟店）,海淀区龙湖北京西苑星悦荟,串串香,105.0,4.3,156,颐和园
海底捞火锅（华联万柳购物中心店）,海淀区巴沟路2号华联万柳购物中心五层L507、508（近地铁10号线巴沟站）,四川火锅,112.0,4.9,84,苏州桥
宽板凳老灶火锅（保福寺店）,海淀区中关村南三街76号中国科学院计算机研究所对面,重庆火锅,89.0,4.7,686,中关村
一起捞鲜汤火锅（交大店）,海淀区交大东路17号京煤大厦底商,特色火锅,106.0,4.6,33,北下关
宽板凳老灶火锅（温泉中心店）,海淀区温泉镇白家疃尚品园1号楼107,重庆火锅,98.0,4.3,125,海淀区
钢管厂五区小郡肝火锅串串香（知春路店）,海淀区罗庄西里北路,串串香,95.0,4.8,87,知春路
唇辣号重庆老火锅（上地七街店）,海淀区上地西路国际创业园中关村国际孵化园（近工商银行）,重庆火锅,105.0,4.7,460,上地
海底捞火锅（印象城店）,海淀区翠微路12号印象城购物中心4层,四川火锅,109.0,4.9,91,公主坟/万寿路
井格重庆火锅（四道口店）,海淀区学院南路33号25号楼1层（康福瑞假日酒店一层底商）,重庆火锅,113.0,4.4,284,北下关
宽板凳老灶火锅（世纪城店）,海淀区远大路远大园2区甲1号2楼,重庆火锅,109.0,4.3,50,远大路
谭鸭血老火锅（北清路店）,海淀区丰豪东路9号院1号楼,四川火锅,131.0,4.1,176,西北旺
谭鸭血老火锅（黑泉路店）,海淀区黑泉路兴美大厦一层,四川火锅,112.0,4.7,449,清河
寻山记铜瓢牛肉火锅,海淀区苏家坨镇北清路安河家园九里12号楼2层9-12-2-201-01,云南火锅,80.0,4.7,6,海淀区
自助火锅,海淀区学院路7号 弘彧大厦一层106,自助火锅,46.0,4.4,317,五道口
唇辣号重庆老火锅（苏州街店）,海淀区苏州街29号,重庆火锅,92.0,4.4,1130,苏州桥
攀成钢小郡肝串串香（北安河店）,海淀区北安河地铁站东北,串串香,98.0,4.9,22,海淀区
呷哺呷哺（北洼路华普店）,海淀区北洼路32号华普超市一层,小火锅,48.0,4.9,413,紫竹桥
东来顺饭庄（五道口店）,海淀区成府路28号五道口购物中心5楼13号（近五道口地铁站）,老北京火锅,119.0,4.1,21677,五道口
锅说一次用油老火锅（五棵松店）,海淀区复兴路69号院2号五棵松华熙LIVE·hi-up北区B1层151号,重庆火锅,114.0,4.2,512,五棵松
重庆地瓜老火锅（田村店）,海淀区田村路43号京粮广场2层,重庆火锅,88.0,4.6,793,田村
聚宝源（五棵松店）,海淀区万寿路西街西长安美居酒店一层,老北京火锅,110.0,4.5,220,五棵松
呷哺呷哺（海淀田村物美店）,海淀区田村路43号京粮广场一层A-1号商铺,小火锅,47.0,4.7,588,田村
竹叶居成都火锅（万柳店）,海淀区万柳中路29号院4-03,四川火锅,86.0,5.0,25,万柳
呷哺呷哺（上地华联店）,海淀区农大南路1号院1号楼上地华联购物中心四层,小火锅,50.0,4.8,516,上地
怒火八零重庆市井火锅（健翔桥店）,朝阳区北京市朝阳区华严北里甲1号31幢1层全部右3号,重庆火锅,100.0,4.7,26,牡丹园/北太平庄
钢管厂五区小郡肝火锅串串香（清河万象汇店）,海淀区朱房路100号,串串香,98.0,4.6,101,清河
小棠巷火锅（青棠湾店）,海淀区小牛房路青棠湾小区底商,火锅,80.0,4.7,7,海淀区
沸腾质数火锅,海淀区上地十街一号院辉煌国际东6号楼220（辉煌国际商业街东门入口二楼）,四川火锅,96.0,5.0,29,上地
青瓷火锅自助（五道口购物中心店 ）,海淀区成府路20号五道口购物中心6层,港式火锅,101.0,4.6,308,五道口
沸腾质数火锅,海淀区上地十街一号院辉煌国际东6号楼220（辉煌国际商业街东门入口二楼）,四川火锅,96.0,5.0,29,上地
浩爷羊蝎子火锅（双榆树店）,海淀区双榆树一街双榆树北里甲18号（当代商场北侧、双榆树一街东行200米路北）,羊蝎子火锅,122.0,4.8,2173,双榆树
川椒缘火锅（白石桥店）,海淀区中关村南大街28号4号楼3层,重庆火锅,86.0,4.8,238,魏公村
小棠巷火锅（青棠湾店）,海淀区小牛房路青棠湾小区底商,火锅,80.0,4.7,7,海淀区
湊湊火锅·茶憩（新中关购物中心店）,海淀区中关村新中关购物中心4层湊湊火锅,特色火锅,113.0,4.4,209,中关村
巴奴毛肚火锅（北京世纪金源店）,海淀区远大路世纪金源购物中心五层D31,重庆火锅,150.0,4.8,6,远大路
西唐成都老火锅与羊蝎子锅（中关村店）,海淀区海淀大街左岸公社二层202B,四川火锅,100.0,4.8,39,中关村
唇辣号重庆老火锅（天秀店）,海淀区天秀路9-5号悦动全民健身南侧,重庆火锅,96.0,4.5,1905,颐和园
聚宝源（牡丹园店）,海淀区花园东路30号花园饭店八号楼四层8401,老北京火锅,118.0,4.6,86,牡丹园/北太平庄
川西坝子古月火锅,海淀区中关村创客小镇,四川火锅,73.0,4.8,18,海淀区
葫芦娃一家人火锅（苏州街店）,海淀区苏州街29号（白家大院旁边四合院距地铁10号线苏州街站A西北口步行540米）,四川火锅,132.0,4.7,87,中关村
玉林串串香（双安店）,海淀区双榆树三街双榆树西里6号,串串香,81.0,4.5,254,双榆树
潮牛庄园·潮汕鲜牛肉火锅（中关村店）,海淀区通惠寺3号巴比伦酒店3楼（近地铁10号线海淀黄庄站A口）,潮汕牛肉火锅,88.0,4.2,897,中关村
宽板凳老灶火锅（永泰店）,海淀区后屯南路26号1-101-11,重庆火锅,102.0,4.2,219,清河
东来顺饭庄（上地华联店）,海淀区信息路BHG生活超市(上地店)4层,老北京火锅,105.0,4.4,41,上地
渡娘火锅（清河店）,海淀区清河一街60号一层109号底商,重庆火锅,90.0,4.5,199,清河
牛吾牛·日式火锅（五道口购物中心店）,海淀区成府路28号五道口购物中心5层,日式火锅,90.0,4.5,10763,五道口
重庆赵家院子佬火锅（北京总店）,海淀区彰化路33号一层东段（客串吧旁边）,重庆火锅,109.0,4.1,122,四季青
东来顺饭庄（紫竹桥店）,海淀区西三环北路25-2号（近紫竹桥北路）,老北京火锅,110.0,4.7,3255,紫竹桥
唇辣号重庆老火锅（双榆树店）,海淀区双榆树北路知春里九号楼东侧,重庆火锅,96.0,4.5,288,双榆树
呷哺呷哺（数码大厦店）,海淀区中关村南大街2号A座A8单元B1,小火锅,57.0,4.8,333,魏公村
老门框爆肚涮肉（宝盛里店）,海淀区宝盛里观景园21号楼一层109,老北京火锅,118.0,4.4,83,清河
黄门老灶火锅（蓝靛厂店）,海淀区蓝靛厂路1号17号楼（蓝靛厂路和蓝靛厂中路交叉口西50米路北）,重庆火锅,105.0,4.6,1523,四季青
朝天門重庆老火锅（羊蝎子）（北坞嘉园店）,海淀区四季青镇茶棚路北坞嘉园A地块27号楼配套公建B-2,重庆火锅,110.0,4.3,30,颐和园
葫芦花牛板筋火锅（西北旺店）,海淀区西北旺夏霖园（德政路和西北旺二街交叉口东北口）,四川火锅,54.0,5.0,80,西北旺
呷哺呷哺（苏州街店）,海淀区海淀南路亿方大厦二层,小火锅,56.0,4.8,244,中关村
巴四老城区炭火蛙锅（领展购物广场•中关村店）,海淀区丹棱街甲1号领展购物广场•中关村5层503-501号,炭火锅,86.0,4.8,1255,中关村
东来顺饭庄（中关村店）,海淀区中关村海淀大街36号彩和坊路海置创投大厦东侧门(地铁四号线中关村D口出，从海龙大厦一直往西走700米到彩和坊路即到，地铁十号线苏州站C口出往北1000米到彩和坊即到),老北京火锅,95.0,4.4,17461,中关村
呷哺呷哺（光耀东方店）,海淀区羊坊店路18号光耀东方商场2层,小火锅,49.0,4.5,371,公主坟/万寿路
滇釜火锅·能喝汤的火锅（车公庄店）,海淀区首体南路9号主语国际7号楼2楼（近地铁6号线白石桥南站E口）,云南火锅,98.0,4.6,4950,紫竹桥
付小姐在成都（六道口店）,海淀区清华东路25号（六道口地铁站A1出口）,串串香,77.0,4.7,713,五道口
鱼豆吉·豆浆鱼火锅（大慧寺店）,海淀区大慧寺路与大柳树路交叉口西北角,鱼火锅,65.0,4.6,1873,北下关
滇釜火锅·能喝汤的火锅（车公庄店）,海淀区首体南路9号主语国际7号楼2楼（近地铁6号线白石桥南站E口）,云南火锅,98.0,4.6,4950,紫竹桥
宽板凳老灶火锅（金源购物中心店）,海淀区蓝靛厂路人民大学附属小学银燕分校（发德宝集团对面）,重庆火锅,87.0,4.1,564,四季青
大得涮肉（紫竹桥店）,海淀区紫竹桥东北角广源闸路广源大厦北侧派出所对面,老北京火锅,118.0,4.4,115,紫竹桥
杨家火锅（中关村店）,海淀区海淀南路4号楼16商铺（黄庄地铁口往西）,重庆火锅,97.0,4.4,169,中关村
谭记潮汕牛肉火锅·潮粥馆（西直门店）,海淀区交大东路66号院2号楼1层125-126号,潮汕牛肉火锅,92.0,4.4,273,西直门/动物园
小肥羊（西三旗店）,昌平区建材城西路87号2号楼2楼201-8室商铺,牛羊肉火锅,89.0,4.7,2194,西三旗
湊湊火锅·茶憩（领展购物广场店）,海淀区丹棱街甲1号领展购物中心中关村店5层,特色火锅,115.0,4.5,92,中关村
葫芦娃牛板筋火锅（杏坛路店）,海淀区杏坛路北三环中路44号,火锅,63.0,4.7,9,牡丹园/北太平庄
草原香（香山店）,海淀区香山一棵松路2号（近西郊线香山站）,老北京火锅,80.0,4.8,3922,香山/植物园
攀成钢小郡肝串串香（五棵松华熙店）,海淀区复兴路华熙live中心C座地下一层（凯迪拉克中心东侧、中铁广场对面玻璃写字楼C座地下一层）,串串香,107.0,4.6,105,五棵松
前后涮羊肉·京味火锅（北京荣耀店）,海淀区二里庄志新路16-7号,老北京火锅,110.0,5.0,35,五道口
东来顺饭庄（闵庄店）,海淀区北坞嘉园南里35号楼玉泉商业生活中心四层,老北京火锅,95.0,4.3,497,颐和园
呷哺呷哺（新中关购物中心店）,海淀区中关村新中关购物中心地下一层,小火锅,49.0,4.4,504,中关村
董大爷涮肉（茉莉园店）,海淀区西北旺四街,老北京火锅,97.0,4.3,1530,西北旺
大脑袋涮肉·清真（西客站店）,海淀区北蜂窝105号大天元饭店一层,老北京火锅,95.0,4.6,75,北京西站/六里桥
呷哺呷哺（翠微牡丹园店）,海淀区花园路2号翠微大厦牡丹园店三层,小火锅,57.0,4.5,382,牡丹园/北太平庄
葫芦娃一家人火锅（五道口店）,海淀区北京市海淀区成府路28号五道口购物中心4层,四川火锅,133.0,4.2,50,五道口
葫芦花牛板筋火锅（五道口店）,海淀区北京市海淀区成府路蓝旗营134号南面－7号蓝旗营公交站南边10米,四川火锅,54.0,4.8,96,中关村
呷哺呷哺（莲花桥悦邻广场店）,丰台区吴家场路1号悦邻百姓生活服务广场一层,小火锅,56.0,4.9,204,公主坟/万寿路
巴蜀王婆大虾（温泉店）,海淀区白家疃路,海鲜火锅,78.0,4.9,235,海淀区
辣爷重庆老火锅（唐家岭店）,海淀区西北旺镇唐家岭新城6号商业楼一层109室、二层209室,重庆火锅,120.0,4.2,45,西北旺
摸错门牛肚火锅 （双安店）,海淀区北三环西路甲30号双天大厦2层（近双安商场东侧）,四川火锅,73.0,4.5,814,双榆树
呷哺呷哺（五道口华联店）,海淀区五道口华联商厦地下一层,小火锅,48.0,4.5,523,五道口
蜀娃子火锅（苏家坨店）,海淀区前沙涧7号院旁（908前沙涧村站）,川味火锅,60.0,4.3,0,海淀区
攀成钢小郡肝串串香（魏公村店）,海淀区魏公街16号（近北京外国语大学）,串串香,89.0,4.4,211,魏公村
呷哺呷哺（印象城店）,海淀区翠微路12号印象城购物中心B1层,小火锅,57.0,4.3,239,公主坟/万寿路
阳坊大都涮羊肉（定慧寺店）,海淀区阜成路定慧北里23号蓝宏中心东侧（三样菜东侧）,老北京火锅,80.0,4.8,1839,五棵松
蜀香龙门川味火锅（四道口旗舰店）,海淀区学院南路50号哇沃生活广场2层（明光桥西500米）,川味火锅,107.0,4.7,182,北下关
呷哺呷哺（甘家口店）,海淀区甘家口商场六层,小火锅,48.0,4.6,490,甘家口百货
阳坊胜利涮羊肉（悦界店）,海淀区永润路悦界主题街区c2-205,老北京火锅,96.0,5.0,36,上庄
小木船潮汕牛肉火锅（西二旗店）,海淀区西二旗大街39号1层39-7-118室,潮汕牛肉火锅,0.0,4.3,58,上地
宫府重庆老火锅,海淀区上庄镇上庄村上庄路上庄南口车站旁,重庆火锅,95.0,3.8,76,上庄
一品居涮肉坊（北蜂窝路店）,海淀区北蜂窝路乙15号平房,老北京火锅,76.0,4.7,1005,公主坟/万寿路
海底捞火锅（清河万象汇店）,海淀区清河中街66号院1号楼清河万象汇东区6层,四川火锅,114.0,4.8,46,清河
金山蒙古传统涮（双榆树店）,海淀区海淀区双榆树青年公寓底商（近双安商场）,炭火锅,107.0,4.4,3,双榆树
宽板凳老灶火锅（清华同方店）,海淀区清华东路东王庄33号楼商铺,重庆火锅,95.0,4.3,48,五道口
呷哺呷哺（主语国际店）,海淀区首体南路9号主语国际项目地下一层,小火锅,47.0,4.7,350,紫竹桥
呷哺呷哺（万柳华联店）,海淀区巴沟路2号BHGMAII华联万柳购物中心B1层,小火锅,56.0,4.9,211,万柳
小龙坎老火锅（清河店）,海淀区清河中街清河嘉园东区甲1号楼301室,四川火锅,102.0,4.6,130,清河
鑫方老鸭汤火锅•羊蝎子（知春路店）,海淀区知春路罗庄西里7号楼（南配楼）,羊蝎子火锅,49.0,4.8,2316,知春路
大龙燚火锅（中关村环保园店）,海淀区紫雀路中关村环保示范园55号楼二层,川味火锅,121.0,4.5,52,海淀区
唇辣号重庆老火锅（马连洼店）,海淀区马连洼北路8号万霖科技大厦C座106号,重庆火锅,104.0,4.2,59,上地
潮鼎香潮汕牛肉火锅（五棵松华熙LIVE hi-up店）,海淀区复兴路69号院2号华熙LIVEhi-up西区B1层096室,潮汕牛肉火锅,113.0,3.9,2904,五棵松
阳坊大都涮肉（邯钢宾馆店）,海淀区西三环中路邯钢大厦B1层（赵都食府旁边）,老北京火锅,100.0,4.9,717,公主坟/万寿路
喵十三串串香（知春路店）,海淀区罗庄东路10号,串串香,60.0,4.4,1665,牡丹园/北太平庄
呷哺呷哺（金源新燕莎MALL店）,海淀区远大路1号金源新燕莎MALL北街东区4层,小火锅,57.0,4.8,404,远大路
虾吃虾涮虾火锅（圣熙8号店）,海淀区学清路甲八号圣熙8号购物中心东侧,虾蟹火锅,63.0,4.3,3331,五道口
老皇城重庆火锅（香山店）,海淀区海淀区闵庄路门头村京香花园216号文军阁鱼头馆三楼老皇城重庆火锅,重庆火锅,105.0,4.5,31,香山/植物园
呷哺呷哺（中发百旺店）,海淀区圆明园西路18号中发百旺商城5层,小火锅,48.0,4.9,410,上地
鑫方老鸭汤火锅•羊蝎子（六道口店）,海淀区清华东路25号六所大厦三层,羊蝎子火锅,57.0,4.6,4051,五道口
付小姐在成都（杏坛路店）,海淀区杏坛路与北三环中路交叉口南50米路东,串串香,78.0,4.7,383,牡丹园/北太平庄
口福居老北京涮肉（大运村店）,海淀区知春路29号大学生公寓7-8号楼（大学生公寓往南）,老北京火锅,67.0,4.5,5009,知春路
海底捞火锅（龙旗广场店）,昌平区黄平路19号院龙旗购物中心3层F3-006、F3-020号商铺,四川火锅,114.0,4.6,75,西三旗
八一后院北门铜锅涮肉,海淀区麒麟雅苑(苏州街店)29号,老北京火锅,90.0,4.3,15,中关村
大脑袋涮肉烧烤·清真（莲花桥店）,海淀区华宝东路莲花池西里26号院1号楼1层106,老北京火锅,71.0,4.7,35,公主坟/万寿路
邮电会议中心阳坊大都涮肉,海淀区挂甲屯5号会议中心酒楼1楼,老北京火锅,56.0,4.5,3184,颐和园
呷哺呷哺（四道口乐天玛特店）,海淀区四道口乐天玛特一层,小火锅,56.0,4.5,314,北下关
京北仙火锅（用友软件园店）,海淀区北清路用友软件园北区17号楼1层01室,重庆火锅,111.0,4.5,89,西北旺
九宫格重庆老火锅（五道口店）,海淀区双清路88号华源世纪商务楼b1层102室（华源世纪商务楼东侧）,重庆火锅,92.0,4.4,139,五道口
蜀宗签味串串香（家合居）,海淀区聂各庄路王婆大虾旁边,串串香,63.0,4.8,12,海淀区
那年约火锅·串吧（万寿路店）,海淀区万寿路东街18号院南门对面（凯德晶品后街）,重庆火锅,82.0,4.1,169,公主坟/万寿路
汕头八合里海记牛肉店（清河店）,海淀区G6国道辅路小营桥红绿灯向北300米岔路内西三旗派出所旁,潮汕牛肉火锅,119.0,4.8,705,清河
呷哺呷哺（枫蓝国际店）,海淀区西直门北大街32号枫蓝国际购物中心3层,小火锅,50.0,4.5,380,北下关
京北仙火锅（唐家岭店）,海淀区友谊路唐家岭村T08-10号底商北3号,火锅,90.0,4.6,229,西北旺
尚尚仙•猪肚鸡火锅（肖家河华联店）,海淀区龙背村路99号院1号楼二层F2-31,猪肚鸡火锅,104.0,4.6,112,颐和园
汕头八合里海记牛肉店（清河店）,海淀区G6国道辅路小营桥红绿灯向北300米岔路内西三旗派出所旁,潮汕牛肉火锅,119.0,4.8,705,清河
吉龍吉鳳·火锅（六道口店）,海淀区学清路41号裕京大厦底层（7天连锁酒店旁边）,四川火锅,103.0,4.6,324,五道口
月盛斋（西直门店）,海淀区交大东路62号,老北京火锅,75.0,4.3,41,北下关
葫芦娃一家人火锅（世纪金源店）,海淀区远大路1号世纪金源购物中心五层西区531A号（远大路北）,四川火锅,115.0,4.3,66,远大路
有范儿串串香火锅（五道口店）,海淀区展春园西路2号蓟鑫大厦内南侧一层拐角处（五道口新东方对面）,串串香,80.0,4.7,2805,五道口
呷哺呷哺（肖家河华联店）,海淀区龙背村路99号院华联商厦B1层,小火锅,56.0,4.9,291,颐和园
满铁老北京铜锅涮肉（中关村店）,海淀区中关村南路中关村保福寺桥81号,老北京火锅,95.0,4.5,77,中关村
草原羊呼伦贝尔铜锅涮肉,海淀区黑山扈路105号,牛羊肉火锅,112.0,4.9,1,百望山森林公园/309医院
惠丰堂铜锅涮肉（翠微店）,海淀区复兴路公主坟翠微百货北门（邮政储蓄银行斜对面）,老北京火锅,107.0,4.4,91,公主坟/万寿路
尚尚仙·猪肚鸡火锅（华联万柳购物中心店）,海淀区巴沟路2号华联万柳购物中心5层,猪肚鸡火锅,105.0,4.6,193,万柳
川寨火锅（永定路店）,海淀区永定路解放军总医院第三医学中心北行第一家,重庆火锅,99.0,4.1,9,五棵松
呷哺呷哺（西苑颐和天街店）,海淀区颐和园路208号楼一层208-14208-15,小火锅,60.0,4.2,9,颐和园
额尔敦传统涮（北影店）,海淀区杏坛路40号B座3层,老北京火锅,107.0,4.5,319,牡丹园/北太平庄
朴氏私家火锅（西二旗店）,海淀区西二旗大街39号楼一层39-4-3,四川火锅,98.0,4.5,22,上地
111号打邊爐（中关村店）,海淀区中关村东路111号16幢1层-7,港式火锅,108.0,4.7,395,中关村
呷哺呷哺（温泉中心店）,海淀区温泉镇温泉文化一层103号,小火锅,58.0,4.9,197,海淀区
義公子冰煮羊火锅（魏公村店）,海淀区魏公街4号楼,牛羊肉火锅,146.0,4.7,136,魏公村
东来顺饭庄（世纪金源购物中心店）,海淀区远大路1号世纪金源购物中心5楼05室,老北京火锅,118.0,3.8,8300,远大路
金源福城肥牛火锅（远大路金源店）,海淀区远大路1号金源时代购物中心五层5-17号（公交站远大路东口站下）,牛羊肉火锅,83.0,4.4,13421,远大路
攀成钢小郡肝串串香（海淀金源店）,海淀区蓝靛厂东路金源时代商务中心B座2号楼1A（漫咖啡旁边）,串串香,111.0,4.3,120,远大路
京嘴儿老北京涮肉（甘家口大厦店）,海淀区三里河路17号甘家口大厦南侧海富门一楼,老北京火锅,56.0,4.3,198,甘家口百货
辣池老灶火锅串吧●枣庄辣子鸡,海淀区西客站北广场北京铁道大厦斜对面乡土人家店后,重庆火锅,70.0,4.6,2919,北京西站/军博
阳坊大都涮羊肉羊蝎子（西二旗店）,海淀区西二旗大街39号,老北京火锅,112.0,4.6,34,上地
呷哺呷哺（中关村壹号店）,海淀区北清路81号院一区2号楼1层104室,小火锅,60.0,4.6,20,西北旺
老门框爆肚涮肉（花园路店）,海淀区花园路F2号一层东侧（北京农商银行旁）,老北京火锅,105.0,4.1,79,牡丹园/北太平庄
虾吃虾涮（魏公村店）,海淀区北京市海淀区魏公街10号2-3层（快乐柠檬楼上）,虾蟹火锅,80.0,3.8,67,魏公村
西部马华火锅（双安店）,海淀区北三环西路34号（近双安商场）,牛羊肉火锅,58.0,4.4,716,双榆树
付小姐在成都（五道口店）,海淀区成府路29号,串串香,76.0,4.7,464,五道口
额尔敦传统涮（中关村店）,海淀区中关村大街甲38号燕山大酒店一楼,特色火锅,127.0,4.6,89,双榆树
行运打边炉（五棵松店）,海淀区复兴路69号华熙LIVE五棵松hi-up内（G089）,港式火锅,244.0,4.5,92,五棵松
新辣道鱼火锅（印象城店）,海淀区翠微路12号印象城4层,鱼火锅,108.0,4.9,64,公主坟/万寿路
小牛海记潮汕牛肉店牡丹园店,海淀区花园东路2号中城写字楼2层,潮汕牛肉火锅,92.0,4.4,8105,牡丹园/北太平庄
老萬寿火锅,海淀区万寿路甲12号,老北京火锅,100.0,5.0,118,公主坟/万寿路
呷哺呷哺（蓝色港湾购物中心店）,海淀区复兴路69号蓝色港湾购物中心北区B1层,小火锅,49.0,4.9,495,五棵松
義公子冰煮羊火锅（五道口店）,海淀区成府路29号五道口国际食尚苑A区三层（椒鸣椒麻旁边）,牛羊肉火锅,144.0,4.5,85,五道口
呷哺呷哺（五道口东升大厦店）,海淀区中关村东路8号东升大厦AB座三层SA-V-3-2单元,小火锅,65.0,5.0,94,五道口
大汉自助火锅烤肉,海淀区增光路美廉美超市二层,自助烧烤,54.0,3.5,2017,航天桥
张记涮肉（北洼西街店）,海淀区北洼西街北洼西里甲11号,老北京火锅,88.0,4.6,4959,紫竹桥
马路边边串串香（魏公村荣耀店）,海淀区魏公街8号韦伯豪家园东南1门对面（近中央民族大学，北京外国语大学，北京理工大学）,串串香,99.0,4.3,222,魏公村
桐记小灶儿牛板筋火锅（北大西门店）,海淀区颐和园路8号 畅春园食街内街110号,火锅,96.0,4.4,57,颐和园
新辣道鱼火锅（领展购物广场·中关村店）,海淀区中关村丹棱街甲1号欧美汇购物中心F5-02,鱼火锅,94.0,4.5,3867,中关村
湊湊火锅·茶憩（龙湖星悦荟店）,海淀区天湖街4号线西苑地铁站C2出口后街,火锅,106.0,4.3,121,颐和园
大得涮肉（牡丹园店）,海淀区龙翔路17号（鸿翔大酒店旁边）,老北京火锅,123.0,4.4,282,牡丹园/北太平庄
呷哺呷哺（清河永泰园店）,海淀区G6辅路清河永泰园甲一号综合楼建金商厦1层南侧02号商铺,小火锅,55.0,4.6,204,清河
沸腾鱼乡（知春路店）,海淀区知春路17号（近大运村南门）,川菜,124.0,4.5,333,知春路
众兴居火锅,海淀区阜成路23号经营用房翻建122号,重庆火锅,90.0,4.5,29,航天桥
马路边边串串香（六道口店）,海淀区学清路圣熙8号购物中心2号楼1层1号,串串香,100.0,4.3,65,五道口
1516串串香（中关村店）,海淀区海淀区海淀通惠寺3号3号楼,串串香,93.0,4.8,459,中关村
呷哺呷哺（金四季店）,海淀区西四环北路金四季购物广场三层欧尚超市旁（四季青桥西南角）,小火锅,57.0,4.9,501,四季青
马路边边串串香（航天桥荣耀店）,海淀区西三环北路辅路西三环北路100号,串串香,101.0,4.2,92,航天桥
味满禄涮肉（明光桥店）,海淀区海淀区北下关文慧桥西15号,川味火锅,97.0,4.8,22,北下关
呷哺呷哺（龙旗广场店）,昌平区黄平路19号院龙旗广场3楼,小火锅,58.0,4.6,355,西三旗
阳坊大都涮羊肉清河店（清河店）,海淀区清河一街60号（强佑新城斜对面）,老北京火锅,88.0,4.5,2325,清河
辣圈,海淀区冷泉林语山庄二区14号楼1层113,四川火锅,70.0,4.3,0,海淀区
四川仁火锅（新兴桥店）,海淀区西三环中路16-6号,四川火锅,89.0,4.5,3920,公主坟/万寿路
滇草香云南原生态汤火锅（凯德晶品店）,海淀区凯德晶品购物中心三层,云南火锅,98.0,4.4,21,公主坟/万寿路
虾吃虾涮虾火锅（田村店）,海淀区田村路23号长荣酒店西侧,虾蟹火锅,66.0,4.4,1608,四季青
月半孃孃煮烤馆（五道口店）,海淀区五道口成府路29号院国际食尚苑一层（帝玛超市旁）,融合烤肉,98.0,4.7,156,五道口
蜀签串串香（温泉店）,海淀区温泉镇温泉路临58号4层409号,串串香,69.0,4.6,399,海淀区
马路边边串串香（温泉店）,海淀区温泉路白家疃尚品园1号楼1层115号底商,串串香,89.0,4.1,39,海淀区
呷哺呷哺（中关村家乐福店）,海淀区中关村家乐福地下一层,小火锅,49.0,4.8,356,中关村
熊成猫串串锅（交大店）,海淀区高粱桥斜街3号（交大西门对面）,串串香,77.0,4.7,237,北下关
呷哺呷哺（西三旗新都店）,海淀区建材城中路6号新都购物广场1层,小火锅,49.0,4.8,289,西三旗
味鲜赋相府火锅,海淀区前屯路速8酒店西130米,鱼火锅,63.0,5.0,32,西三旗
老诚一锅羊蝎子火锅（五棵松店）,海淀区金沟河东路9号（育英小学北门对面）,羊蝎子火锅,80.0,4.6,461,五棵松
呷哺呷哺（西三旗新都店）,海淀区建材城中路6号新都购物广场1层,小火锅,49.0,4.8,289,西三旗
北京王记老汤羊蝎子火锅（龙旗广场店）,昌平区黄平路19号,羊蝎子火锅,78.0,4.8,436,西三旗
虾吃虾涮（万泉庄店）,海淀区万泉河路68号紫金庄园9号楼一层（紫金大厦北侧10米）,虾蟹火锅,97.0,4.1,1644,人民大学
竹叶涮肉坊（花园路店）,海淀区北三环中路67号20号楼北侧一层至三层,老北京火锅,98.0,4.8,15,牡丹园/北太平庄
111号打邊爐（杏坛路店）,海淀区杏坛路44号10号楼底商三层(从快乐柠檬上三层),港式火锅,108.0,4.8,33,牡丹园/北太平庄
呷哺呷哺（新龙店）,昌平区回龙观建材城西路新龙大厦2号B座一层（上奥世纪）,小火锅,49.0,4.5,281,清河
轻机厂小郡肝串串香（五路居店）,海淀区玲珑路恩济西园10号楼底商（五路居地铁C口出向东240米路南）,串串香,92.0,4.7,289,四季青
蜀兒郎鲜牛肉火锅,海淀区巨山路99号（巨山馨苑南100米）,川味火锅,94.0,4.6,25,田村
上河桥头鱼火锅,海淀区田村路永定路乐府商务大厦2层（大鸭梨入口电梯上2楼）,鱼火锅,90.0,4.7,102,四季青
攀成钢小郡肝串串香（航天桥店）,海淀区西三环北路88号航天桥东北角地下一层（电信营业厅右侧进口下楼）,串串香,90.0,4.6,126,航天桥
南门涮肉（北洼路店）,海淀区北洼路东街28号（近三石日本料理）,老北京火锅,104.0,4.5,8,紫竹桥
呷哺呷哺（中科贸物美店）,海淀区中关村大街18号科贸电子城地下一层物美超市B-01,小火锅,55.0,5.0,275,中关村
六婆串串香火锅（圣熙八号店）,海淀区学清路甲8号商业广场2号楼一层6号-2（圣熙8号购物中心东侧）,串串香,57.0,4.5,2719,五道口
汕头八合里海记牛肉店（牡丹园店）,海淀区花园路F2号1层102室,潮汕牛肉火锅,125.0,4.6,217,牡丹园/北太平庄
芦月轩羊蝎子（北蜂窝店）,海淀区北蜂窝路甲2号（北京市铁路局西门南侧会城门邮局对面）,羊蝎子火锅,68.0,4.7,4382,公主坟/万寿路
老棒棒重庆土灶火锅（大柳树路店）,海淀区大柳树路6号（富海大厦对面交大西门往北100米路东边）,重庆火锅,97.0,4.4,1273,北下关
穆禾家清真时尚转转小火锅,海淀区花园东路与小关西后街交叉路口东行40米路南,小火锅,33.0,4.5,4309,牡丹园/北太平庄
老北京涮肉,海淀区金沟河路17号院,老北京火锅,102.0,4.4,0,五棵松
呷哺呷哺（清河小营通厦店）,海淀区悦秀路99号，通厦公元99一层,小火锅,55.0,4.6,192,清河
真诚一锅·羊蝎子（莲花桥店）,丰台区吴家场路盛今佳园1号院4号楼底商餐饮街,羊蝎子火锅,75.0,4.6,479,公主坟/万寿路
川兴铜锅涮肉（西直门店）,海淀区文慧园斜街老北京炸鸡隔壁,老北京火锅,83.0,4.8,18,北下关
呷哺呷哺（清河物美店）,海淀区清河物美超市一层,小火锅,56.0,4.6,321,清河
鼎牛牛炖锅（温泉路店）,海淀区温泉镇温泉路67号院1号楼1层105号,特色火锅,120.0,4.6,5,海淀区
汕头八合里海记牛肉店（玲珑路店）,海淀区八里庄玲珑路恩济西园10号楼东1门（五路居地铁站）,潮汕牛肉火锅,113.0,4.5,2190,四季青
義公馆海鲜牛肉火锅（魏公村店）,海淀区魏公街16号,海鲜火锅,400.0,4.6,412,魏公村
原味火锅（恩济大厦店）,海淀区亮甲店130号恩济大厦一层（西四环定慧北桥下家乐福超市向东300米，老家肉饼东侧）,特色火锅,74.0,4.4,272,四季青
虾吃虾涮（中发百旺商城店）,海淀区圆明园西路18号中发百旺商城F5层,虾蟹火锅,74.0,4.3,6073,上地
京都蝎府羊蝎子火锅（农大店）,海淀区圆明园西路2号（农大南路西口东走200米路北，御京香对面）,羊蝎子火锅,65.0,4.8,6973,农业大学西区
马路边边麻辣烫串串香（荣耀北京总店）,海淀区苏州街29号,串串香,98.0,4.5,458,中关村
马路边边串串香（马连洼荣耀店）,海淀区天秀路9-5号院1号楼102室,串串香,110.0,4.3,28,农业大学西区
北华涮肉,海淀区五道口蓟鑫大厦2号,老北京火锅,97.0,4.3,4,五道口
漫食代火锅（西翠路店）,海淀区朱各庄路瑞成大酒店对面,四川火锅,58.0,4.2,422,五棵松
宽板凳老灶火锅（五棵松蓝色港湾店）,海淀区复兴路69号蓝色港湾购物中心东区B1层（老西安饭庄旁）,重庆火锅,94.0,4.5,138,五棵松
虾吃虾涮（上地华联店）,海淀区上地西路宏达花园广场北起第一家。（上地华联西北方向约150米）,虾蟹火锅,84.0,4.4,1555,上地
義公馆海鲜牛肉火锅（魏公村店）,海淀区魏公街16号,海鲜火锅,400.0,4.6,412,魏公村
川兴铜锅涮肉（金沟河店）,海淀区金沟河路15号,老北京火锅,87.0,4.7,41,五棵松
阿健火锅,海淀区清华大学西门南,火锅,60.0,4.2,442,五道口
虾吃虾涮（安宁庄店）,海淀区安宁庄东路72号（安宁庄东路南口公交站旁）,虾蟹火锅,76.0,4.9,560,清河
马路边边串串香（荣耀上地店）,海淀区信息路30号上地大厦底商,串串香,100.0,4.0,61,上地
111号打邊爐（苏州街店）,海淀区苏州街29号45号楼一层部分二层,港式火锅,113.0,4.7,118,中关村
师姐家•虾火锅（北京店）,海淀区学院南路33号康福瑞假日酒店底商由南向北第一家(原始泥炉烤肉隔壁近13号线下）,虾蟹火锅,69.0,4.7,140,北下关
巴蜀王婆大虾（知春路店）,海淀区知春路102号,虾蟹火锅,67.0,4.8,1327,双榆树
舊城小院串串香,海淀区上庄路海淀·嘉郡17号楼1层104,串串香,83.0,4.8,22,上庄
四品府涮肉羊蝎子（建西苑店）,海淀区八角东街建西苑西1门旁,火锅,75.0,4.5,221,古城/八角
集渔·泰式海鲜自助火锅（五道口直营店）,海淀区成府路28号五道口购物中心6层02号,自助火锅,163.0,4.2,62,五道口
深夜在成都•串串香,海淀区成府路华清嘉园1号楼底商（13号线五道口地铁站B出口向西20米链家旁）,串串香,65.0,4.6,774,五道口
老诚一锅羊蝎子·烧烤（公主坟店）,海淀区翠微路12号（印象城三层）,羊蝎子火锅,96.0,4.7,665,公主坟/万寿路
北飘香涮肉（清华南路店）,海淀区清华南路1号（近清华大学）,老北京火锅,108.0,4.5,2,五道口
718七幺巴牛骨火锅（上庄水库店）,海淀区上庄家园西路上庄路58号,火锅,86.0,4.6,196,上庄
鑫方老鸭汤火锅•羊蝎子（大运村店）,海淀区北京市海淀区知春路29号7-10楼二层1-11轴（知春路站F口出100米）,砂锅火锅,107.0,4.9,81,知春路
榕湖餐厅老廣火锅（苏州街店）,海淀区长远天地A2座院内,特色火锅,106.0,4.9,4,苏州桥
海底捞火锅外送（学院路店）,海淀区学清路甲8号商业广场2号楼一层6号-3房间（东升地区）,四川火锅,137.0,4.7,0,五道口
滇草香云南原生态汤火锅（华联万柳店）,海淀区巴沟路2号BHGMAII华联万柳购物中心5层,云南火锅,100.0,4.3,1056,苏州桥
牛街李记热力涮肉,海淀区蓟门里小区,老北京火锅,63.0,4.2,7,牡丹园/北太平庄
老城一锅·羊蝎子火锅·烧烤（五道口店）,海淀区成府路五道口食尚苑三层（椒鸣椒麻小馆对面，近义公子冰煮羊）,羊蝎子火锅,87.0,4.5,353,五道口
竹园村大酒店（五棵松店）,海淀区北太平路16号（采石路北口）,火锅,82.0,4.4,1506,五棵松
京小灶大盘涮肉,海淀区采石北路金沟河路19号万城大厦一层西北角底商,老北京火锅,90.0,3.8,12,五棵松
鲜牛时尚潮汕牛肉火锅（知春路店）,海淀区海淀区大钟寺东路太阳园13号楼1层103（东升地区）,潮汕牛肉火锅,113.0,4.2,317,双榆树
小木船潮汕牛肉火锅（马连洼店）,海淀区马连洼北路竹园30号楼1层102号（西山华府底商）,潮汕牛肉火锅,130.0,4.4,427,农业大学西区
芦月轩羊蝎子（新西三旗店）,海淀区悦秀路99号通厦公元99二楼,羊蝎子火锅,80.0,4.9,129,清河
呷哺呷哺（中关村产业园店）,海淀区昆明湖南路51号F座12号（板井路金源大饭店对面）,小火锅,60.0,4.9,203,四季青
呷哺呷哺（双榆树）,海淀区双榆树小区邮局南侧路1号等6幢项目的2层,小火锅,56.0,4.6,194,双榆树
呷哺呷哺（双榆树）,海淀区双榆树小区邮局南侧路1号等6幢项目的2层,小火锅,56.0,4.6,194,双榆树
千牛刀·霸气牛肉锅（玲珑路店）,海淀区八里庄恩济西园,牛羊肉火锅,116.0,4.9,41,四季青
行运打边炉（金源店）,海淀区远大路世纪金源购物中心五层5012号,港式火锅,238.0,4.4,75,远大路
新辣道鱼火锅（华宇购物中心店）,海淀区北三环联想桥华宇购物中心四层,鱼火锅,84.0,4.6,3227,魏公村
呷哺呷哺（永丰悦界商街店）,海淀区永丰路永丰大悦城悦界商街F2-C3-201、202号商铺,小火锅,0.0,4.9,0,上庄
呷哺呷哺（学清路美廉美店）,海淀区学清路甲8号圣熙8号购物中心1层底商,小火锅,46.0,4.3,504,五道口
京都蝎府羊蝎子火锅（紫竹桥店）,海淀区紫竹院路82号,羊蝎子火锅,68.0,4.7,4427,紫竹桥
串串香（海淀悦界店）,海淀区永润路18号院悦界主题街区B1,串串香,70.0,4.6,8,上庄
陈阿婆·酸菜鱼丸火锅,海淀区永定路88-8号,小火锅,51.0,4.3,32,五棵松
新辣道鱼火锅（世纪金源店）,海淀区远大路1号世纪金源购物中心5层东段E7-E9电梯之间,鱼火锅,95.0,4.6,2514,远大路
阳坊胜利涮羊肉（五彩城店）,海淀区朱房路后坟地临甲1号院,老北京火锅,110.0,4.5,103,清河
呷哺呷哺（东升科技园店）,海淀区后屯路东升科技园商业街1层,小火锅,62.0,4.7,49,清河
晴川·围炉小馆,海淀区北土城西路103号西4号平房,港式火锅,65.0,4.7,155,牡丹园/北太平庄
呷哺呷哺（悦茂购物中心店）,海淀区营福路悦茂购物中心3楼03、04号商铺,小火锅,58.0,4.5,151,清河
巴蜀王婆大虾（五路居店）,海淀区玲珑路恩济西园北门,虾蟹火锅,78.0,4.8,1452,四季青
玉林串串香（温泉店）,海淀区温泉镇白家瞳东口尚峰尚水D区105底商,串串香,74.0,4.6,89,海淀区
常赢三兄弟涮肉（西直门店）,海淀区西直门北大街41号院 天兆家园1号楼3层,老北京火锅,110.0,4.7,36,北下关
椰思椰子鸡养生火锅上地店,海淀区马连洼北路8号C座一层107,特色火锅,120.0,4.3,109,上地
筋牛座带筋牛肉香锅（京粮广场店）,海淀区田村路43号环京现代物流设施项目一段一层A-1F-017,干锅/香锅,53.0,4.7,337,田村
小渝府的串（北下关店）,海淀区学院南路51号3号楼一层,串串香,69.0,4.6,1510,北下关
椒麻故事·铜炉蛙锅·川味烤鱼（金澳国际店）,海淀区海淀区马甸东路19号金澳国际一层139号,炭火锅,90.0,4.9,55,牡丹园/北太平庄
呷哺呷哺（翠微店）,海淀区复兴路33号翠微百货5层,小火锅,54.0,4.3,500,公主坟/万寿路
惠丰堂铜锅涮肉（万泉庄店）,海淀区万泉庄路15号（超市发二层）,老北京火锅,88.0,4.2,2,万柳
新辣道鱼火锅（万柳店）,海淀区巴沟路2号BHG Mall北京华联万柳购物中心5楼,鱼火锅,89.0,4.7,2311,苏州桥
鱼木奇缘喷泉瀑布火锅,海淀区中关村南一街7号,鱼火锅,80.0,4.7,88,中关村
阳坊胜利涮羊肉（西三旗店）,昌平区建材城西路三旗百汇商品城南门,老北京火锅,66.0,4.2,724,清河
虾吃虾涮虾火锅（琪聚店）,海淀区丰润中路颐丰庄园C区底商,虾蟹火锅,73.0,4.1,147,西北旺
玉林串串香（印象城店）,海淀区翠微路12号印象城负一楼-101-01A,串串香,56.0,4.3,1127,公主坟/万寿路
111号打邊爐（中关村店）,海淀区中关村东路111号16幢1层-7,港式火锅,108.0,4.7,395,中关村
马路边边串串香（西三旗荣耀店）,海淀区黑泉路兴美大厦底商一层,串串香,96.0,4.2,85,清河
鱼夫鱼仔鹅卵石鱼火锅（知春路店）,海淀区知春路29号大运村公寓8号楼底商,鱼火锅,93.0,3.9,42,知春路
健鼎清真羊蝎子火锅城,海淀区大钟寺东路金五星服装家居商场旁边（联想桥金五星）,羊蝎子火锅,73.0,3.9,124,双榆树
阿丽椰子鸡火锅（西点茂店）,海淀区永定路88号西点茂三层,特色火锅,100.0,3.9,24,五棵松
鱼夫鱼仔鹅卵石鱼火锅（知春路店）,海淀区知春路29号大运村公寓8号楼底商,鱼火锅,93.0,3.9,42,知春路
健鼎清真羊蝎子火锅城,海淀区大钟寺东路金五星服装家居商场旁边（联想桥金五星）,羊蝎子火锅,73.0,3.9,124,双榆树
老诚一锅羊蝎子·烧烤（四道口店）,海淀区四道口路2号院1号楼1层89号,羊蝎子火锅,84.0,4.6,92,北下关
墘海记打边炉（四道口店）,海淀区学院南路50号哇沃生活广场一层,港式火锅,153.0,4.6,38,北下关
阿丽斑鱼（西点茂店）,海淀区永定路88号西点茂商场3层,鱼火锅,78.0,4.4,3939,五棵松
马路边边串串香（交大店）,海淀区交通大学路7号（临近动物园，交通大学，四道口，凯德）,串串香,99.0,4.6,237,北下关
新辣道鱼火锅（肖家河店）,海淀区龙背村路龙背村路99号院1号楼华联二层（近地铁4号线安河桥北站）,鱼火锅,84.0,4.6,2168,颐和园
帅帅小火锅,海淀区昌平路895号1-8京藏高速尚艺墅KTV隔壁,小火锅,88.0,3.7,3,清河
喵哆哆串串香（温泉镇店）,海淀区温泉镇温泉路67号院1号楼一层116号,串串香,73.0,4.6,36,海淀区
313羊庄·铁锅烀羊肉（四季青店）,海淀区四季青曙光街道彰化路西荣阁酒店109号商铺,牛羊肉火锅,133.0,4.3,58,四季青
醒狮浓汤猪软骨火锅（领展购物中心·中关村店）,海淀区丹棱街甲1号地下一层-101-14单元,港式火锅,129.0,4.6,96,中关村
金老师涮肉牛肉面,海淀区益园文化创意产业基地65号院,老北京火锅,80.0,4.5,12,四季青
重庆李记串串香（五棵松华熙店）,海淀区复兴路69号院2号华熙LIVEhi-upB1层,串串香,94.0,4.2,157,五棵松
小渝府串串香（二里庄店）,海淀区志新路16号15楼1层,串串香,67.0,4.7,270,五道口
麻门匠骨秘制羊棒骨（苏州桥店）,海淀区万泉河路68号紫金庄园9号楼（城乡仓储大超市对面，人大西门往南200米）,特色火锅,82.0,4.7,72,苏州桥
关二涮肉（皂君庙店）,海淀区学院南路皂君庙斜街交叉口西北角,老北京火锅,101.0,4.6,257,北下关
马路边边串串香（清河荣耀店）,海淀区安宁庄东路72号,串串香,103.0,4.2,24,清河
麻门匠骨秘制羊棒骨（五道口店）,海淀区成府路29号五道口国际食尚苑一层（临近清华大学，北京语言大学）,特色火锅,82.0,4.5,48,五道口
阳坊大都涮羊肉（尚品园店）,海淀区温泉镇白家疃路北白家疃尚品园,老北京火锅,110.0,4.0,1,海淀区
花聚（西二旗店）,海淀区西二旗西路智学苑商服楼内,港式火锅,672.0,4.4,1,上地
马路边边串串香（健德门荣耀店）,海淀区北土城西路105号（近地铁健德门A出口）,串串香,101.0,4.4,101,牡丹园/北太平庄
马路边边串串香（北清路店）,海淀区丰豪东路9号院3号楼101,串串香,108.0,4.5,262,西北旺
钱府（学院南路店）,海淀区学院南路14号1号楼2层,羊蝎子火锅,75.0,4.7,1428,北下关
呷哺呷哺（小马厂物美店）,海淀区小马厂物美超市一层,小火锅,59.0,4.6,99,首都博物馆/莲花池东路
椰思·椰子鸡养生火锅北清路店,海淀区丰豪东路9号院2号楼4单元101,特色火锅,133.0,4.5,214,西北旺
新辣道鱼火锅（上地店）,海淀区农大南路北京华联商厦上地购物中心四层F4-14,鱼火锅,96.0,4.6,3008,上地
1516串串香（牡丹园店）,海淀区花园路同观商业中心1层105（农业银行东行60米右转，平安银行西行200米穿过停车岗亭即到，木屋烧烤金百万后面楼体东侧一层）,串串香,94.0,4.5,178,牡丹园/北太平庄
京都蝎府羊蝎子火锅（健德门店）,海淀区北土城西路祁家豁子甲2号一层西侧,羊蝎子火锅,94.0,4.6,306,牡丹园/北太平庄
驴脾气·驴肉火锅家常菜,海淀区西三旗泰山饭店北(安宁庄后街)103号,特色火锅,70.0,4.5,17,西三旗
蛙蛙叫铜炉蛙锅（凯德晶品店）,海淀区复兴路51号LG层,炭火锅,0.0,0.0,0,公主坟/万寿路
前后涮羊肉（二里庄店）,海淀区志新路乙16号,老北京火锅,103.0,4.6,202,学院桥/学院路
七喜蒙羊·羊蝎子烧烤餐厅（上地店）,海淀区上地信息路19号商服中心3楼,羊蝎子火锅,110.0,4.5,53,上地
南沙渔港软件园店,海淀区东北旺西路8号中关村软件园4号楼AB座1-2层,海鲜,99.0,4.4,5,上地
华惠琪餐厅,海淀区香山北辛村38号,火锅,48.0,4.4,1,香山/植物园
花聚（北清路店）,海淀区丰秀东路9号院11号楼一层商铺（首创天阅西山南门）,港式火锅,0.0,4.3,0,西北旺
starhot星火韩国炸鸡火锅料理,海淀区西土城路学院国际大厦B1层,韩国菜,36.0,4.4,1219,牡丹园/北太平庄
黔味酸汤鱼·川湘菜（六道口店）,海淀区清华东路六所大厦B座一楼（近六道口地铁站A2出口，六所大厦东门进）,鱼火锅,85.0,4.5,44,五道口
神洲四海海鲜大酒楼（四道口店）,海淀区四道口路2号京果商厦A座3层（近乐天玛特超市）,海鲜火锅,287.0,4.4,23,北下关
前后涮羊肉（志新东路店）,海淀区志新东路14-2号,老北京火锅,106.0,4.5,373,五道口
京羯一锅·羊蝎子锅·烧烤,海淀区皂君庙14号拐弯处,羊蝎子火锅,0.0,4.2,0,大钟寺
鸿旺老北京涮肉（四道口店）,海淀区学院南路27号,老北京火锅,55.0,4.0,0,北下关
老诚一锅（西三旗店）,海淀区西三旗东路西小口地铁站北侧600米（速8酒店旁）,羊蝎子火锅,68.0,4.2,4364,清河
老诚一锅（学清路店）,海淀区学清路41号底商（裕京大厦一楼，近中国农业大学西门）,羊蝎子火锅,67.0,4.4,2775,五道口
阳坊大都涮羊肉（梅园店）,海淀区圆明园西路梅园小区（百旺商城对面）,老北京火锅,119.0,3.7,0,颐和园
全牛道乐山跷脚牛肉（百旺店）,海淀区圆明园西路中发百旺商城5层521号,汤锅,80.0,4.2,13,上地
新辣道鱼火锅（龙旗广场店）,昌平区黄平路19号院龙旗购物中心3楼,鱼火锅,89.0,4.8,378,西三旗
小帅锅旋转小火锅（四道口店）,海淀区四道口路学院南路39号,小火锅,35.0,4.2,0,北下关
锅青天（四道口店）,海淀区四道口2号11号,川味火锅,100.0,4.1,0,北下关
鲜釜小火锅,海淀区蓝靛厂西路晨月园甲2号楼金铂麟酒店内,小火锅,150.0,4.4,0,远大路
山乡涮烤坊（西山林语店）,海淀区林语山庄路冷泉林语山庄二区14-101,烧烤,69.0,4.3,158,海淀区
一品焖锅（北京华联农大南路店）,海淀区上地农大南路华联商厦四层（北京市海淀区农大南路1号院1号楼4层F4-09B号）,焖锅,80.0,4.5,505,上地
远望楼•百合美食苑,海淀区北三环中路57号远望楼宾馆一层（近城建大厦）,综合自助,81.0,4.8,40,牡丹园/北太平庄
辽宁大厦·盛安汇,海淀区北四环西路甲2号1幢A座,自助火锅,101.0,4.3,40,五道口
欢乐牧场海鲜烤肉自助（牡丹园店）,海淀区花园东路甲32号仰源大厦二楼,综合自助,95.0,4.3,1620,牡丹园/北太平庄
北京交通大学学苑餐厅,海淀区上园村3号北京交通大学内（近交大东路）,火锅,12.0,4.3,0,北下关
老诚一锅（人民大学店）,海淀区万泉河路68号紫金庄园9号楼东（紫金大厦旁）,羊蝎子火锅,66.0,4.4,4430,苏州桥
蛙宝厨（世纪金源购物中心店）,海淀区远大路1号世纪金源购物中心五层西段5209号,干锅/香锅,91.0,4.3,156,远大路
黄记煌三汁焖锅（安河桥华联店）,海淀区龙背村路99号院1号楼华联购物中心2楼F2-30单元（近地铁4号线安河桥北站）,焖锅,81.0,4.5,2005,颐和园
富顺荤豆花,海淀区温泉路58号天兰商场4层,豆腐花,50.0,4.6,16,海淀区
锅圈食汇火锅烧烤食材超市（永泰西里店）,海淀区永泰西里2号楼1层2-5,生鲜,0.0,4.5,0,清河
小渝府烤鱼·川菜·香锅（二里庄店）,海淀区志新西路11-5号（二里庄南口）,烤鱼,51.0,4.4,1744,五道口
好吃的鱼火锅,海淀区上地西路华联上地购物中心4层,鱼火锅,0.0,4.0,0,上地
城一锅（玉泉路店）,海淀区玉泉路16号（海凌宾馆南）,羊蝎子火锅,105.0,3.9,1,五棵松
池记串吧（万寿路店）,海淀区万寿路西街甲四号（育英小学南门斜对面）,烤串,68.0,4.4,393,公主坟/万寿路
池记串吧（北影店）,海淀区建安西路黄亭子小区甲2号（地铁西土城C口）,烤串,70.0,4.5,470,牡丹园/北太平庄
和府火锅和她的面（五道口店）,海淀区成府路28号五道口购物中心L5-05号铺,面条,53.0,4.1,0,五道口
大吉大利火锅鸡（大钟寺店）,海淀区北三环西路23号三层北侧,特色菜,0.0,0.0,0,大钟寺
过江龙,海淀区上地十街10号百度大厦F3层F3-CE号,火锅,0.0,4.2,0,上地
温野菜日本涮涮锅（世纪金源店）,海淀区远大路1号世纪金源购物中心五层E段5410（星美影城旁）,日式火锅,185.0,4.6,340,远大路
阳坊胜利涮羊肉（安宁庄店）,海淀区安宁庄东路24号,老北京火锅,104.0,3.9,12,清河
喜洋洋·涮羊肉羊蝎子,海淀区学清路逸成东苑甲7号,特色火锅,80.0,4.7,22,五道口
老诚一锅（紫竹桥店）,海淀区紫竹院路82号,羊蝎子火锅,80.0,4.7,8,紫竹桥
元羊火锅·羊蝎子（学清路店）,海淀区学清路甲8号欢乐汇KTV二层,羊蝎子火锅,81.0,4.7,172,五道口
炖炖牛肉锅,海淀区西土城路学院南路32号院,牛羊肉火锅,80.0,4.7,5,北下关
巴蜀·王婆大虾（清河店）,海淀区安宁庄东路72号（热电厂大门北侧）,虾蟹火锅,73.0,4.9,2434,清河
同盛鑫西门铜锅涮肉,海淀区复兴路丙11号,老北京火锅,106.0,4.4,4,公主坟/万寿路
醉帅锅回转自助火锅（龙旗广场店）,昌平区回龙观黄平路19号龙旗广场永辉超市负一层时遇美食街内,自助火锅,34.0,4.1,546,西三旗
醉帅锅回转自助小火锅（华宇店）,海淀区中关村南大街2号华宇中心四层,自助火锅,40.0,3.9,418,双榆树
城一锅羊蝎子火锅,丰台区京铁家园2区5号楼底商9号,羊蝎子火锅,63.0,4.2,311,五棵松
阳坊胜利涮羊肉（上地店）,海淀区信息路龙泉湖大厦底商,老北京火锅,112.0,4.2,56,上地
一品焖锅（新中关店）,海淀区北京市海淀区中关村大街19号新中关大厦L415,焖锅,93.0,4.1,101,中关村
玉金王婆大虾·锦州烧烤,海淀区聂各庄路北京农商银行南50米,海鲜火锅,84.0,4.8,50,海淀区
贵凤凰羊肉粉•小吃•贵州火锅（西直门店）,海淀区交通大学路3号院2号楼首层东侧1号,贵州菜,67.0,4.7,53,北下关
贵凤凰羊肉粉•小吃•贵州火锅（五道口店）,海淀区北京市海淀区中关村东路8号东升大夏ab座一层sa-xi-02单元,贵州菜,70.0,4.8,35,五道口
贵凤凰羊肉粉•小吃•贵州火锅（中科院店）,海淀区中关村南路南一条8号贵凤凰,贵州菜,66.0,4.6,43,中关村
老望京小腰（上地店）,海淀区上地信息路19号1号楼东南侧103中部（憩园斜对面）,烤串,75.0,3.9,174,上地
菜麻航天桥店—串串仙店（航天桥店）,海淀区阜成路北三街23号（航天烟酒旁）,串串香,82.0,4.3,460,航天桥
豆捞坊（火锅餐厅）,海淀区西翠路与玉渊潭南路交叉口的东南角（奥运篮球馆对面）,澳门豆捞,92.0,4.3,380,五棵松
羊大爷涮肉（温泉店）,海淀区太舟坞408号,老北京火锅,106.0,4.3,11,海淀区
锅圈食汇火锅烧烤食材超市（上庄嘉郡店）,海淀区三嘉南街上庄三嘉信苑16号楼1层2单元102-2,生鲜,46.0,4.4,0,上庄
春熙巷子·串串香火锅（京粮广场店）,海淀区田村路43号京粮广场A-1F-023号,串串香,94.0,4.2,100,田村
嗨番茄·番茄酸汤鱼（领展购物广场中关村店）,海淀区中关村大街领展购物中心5层,汤锅,46.0,4.1,100,中关村
小哥哥爱吃鸡·酸菜火锅鸡（第39档口-美华盛天美食城店）,海淀区莲花池东路北小马厂6号-01层西侧,火锅,0.0,4.1,0,首都博物馆/莲花池东路
东开源清真涮肉•传统菜•烧烤,海淀区羊坊店路17-5号,牛羊肉火锅,88.0,4.4,11,北京西站/六里桥
阿田大虾（馨瑞家园店）,海淀区上庄镇馨瑞家园小区,虾蟹火锅,73.0,4.3,5,上庄
一品焖锅（凯德晶品店）,海淀区复兴路51号凯德晶品三楼（近地铁万寿路站）,焖锅,86.0,4.3,190,公主坟/万寿路
懒熊火锅（八家嘉园店）,海淀区八家嘉园底商22-3号,水果生鲜,70.0,0.0,0,五道口
老诚一锅（香山店）,海淀区香山路林业科学院对面,羊蝎子火锅,100.0,4.5,34,颐和园
串百万串串火锅（上地华联店）,海淀区农大南路硅谷亮城北1号华联商厦四层,串串香,103.0,4.5,37,上地
313羊庄·铁锅烀羊肉（西三旗店）,海淀区安宁庄后街泰山饭店北侧,牛羊肉火锅,104.0,4.5,112,清河
313羊庄·铁锅烀羊肉（军博店）,海淀区北蜂窝路8-2号中联部西门（农业银行对面）,牛羊肉火锅,102.0,4.5,17,北京西站/军博
文津国际酒店怡多咖啡厅,海淀区中关村东路1号院清华科技园内文津国际酒店二层怡多餐厅（近清华大学南门）,综合自助,86.0,4.3,199,五道口
就三桌涮肉馆（牡丹园配送店）,海淀区花园路甲2号院4号楼2层201-08号、201-09号、201-10号,老北京火锅,80.0,4.1,0,牡丹园/北太平庄
巴蜀王婆大虾（金沟河店）,海淀区金沟河路万城大厦三楼西侧超市发入口（永辉超市对面）,火锅,82.0,4.4,189,五棵松
张胖子带你去成都串串香（双榆树店）,海淀区双榆树一街老诚一锅隔壁,串串香,97.0,4.8,111,双榆树
醉帅锅回转自助小火锅（六道口店）,海淀区学清路甲8号圣熙8号购物广场五层,自助火锅,38.0,4.3,501,五道口
小牛海记潮汕牛肉店（永定路店）,海淀区永定路28号（陈阿婆旁边）,潮汕牛肉火锅,81.0,4.3,4430,五棵松
攀成钢小郡肝串串香（中发百旺店）,海淀区圆明园西路18号中发百旺商城4层,串串香,109.0,4.1,275,上地
大碗牛肉面 羊蝎子火锅,海淀区香山买卖街57号,面条,47.0,4.6,29,香山/植物园
伊豆野菜村（清河万象汇店）,海淀区清河中街华润五彩城五楼东区L559,日式火锅,175.0,4.6,235,清河
伊豆野菜村（枫蓝国际店）,海淀区西直门北大街32号院（枫蓝国际购物中心三层）,日式火锅,176.0,4.8,157,北下关
打肚椰子鸡猪肚鸡（世纪金源店）,海淀区远大路1号世纪金源购物中心5层东侧,猪肚鸡火锅,127.0,4.7,32,远大路
牡丹园涮肉馆牡丹园店,海淀区花园东路28号（牡丹宾馆北侧）,老北京火锅,62.0,4.3,210,牡丹园/北太平庄
麻豆专蜀火锅（第11档口-辉煌国际美食城店）,海淀区上地十街1号院6号楼B1层03号,四川火锅,40.0,0.0,0,上地
洒加一小酒馆,海淀区交通大学路31号院底商,烧烤,100.0,4.9,4,北下关
阿田大虾（上庄店）,海淀区上庄路望湖楼饭庄西南对面,虾蟹火锅,60.0,4.7,220,上庄
老旧门超牛串串香（安宁庄店）,海淀区安宁庄东路18号,串串香,63.0,4.2,147,清河
呷哺火锅店,海淀区颐和园路5号,小火锅,0.0,4.1,0,颐和园
倪氏海泰大酒店餐厅（四季青店）,海淀区远大路39-2号院（南坞桥南50米处）,海鲜火锅,271.0,4.2,72,远大路
九丁目吉田·日式寿喜烧（中关村店）,海淀区中关村大街15-10号F2层（食宝街二期陶记黄牛宴面旁）,日式火锅,155.0,4.3,123,中关村
四季烤肉涮肉,海淀区北洼路南口88号（近阳坊胜利涮肉）,火锅,65.0,4.2,0,航天桥
天府豆花庄（金四季店）,海淀区金四季购物中心（金四季店）美食街三层,川菜,68.0,4.3,21,四季青
华丽盛宴.澳门海鲜火锅,海淀区北四环西路辽宁大厦1楼,海鲜火锅,621.0,4.5,6,中关村
万德私家火锅,海淀区香山南路北辛庄黄土坡甲7号,火锅,87.0,4.3,6,八大处
骨珍香老城一锅（温泉路店）,海淀区温泉路D28地块D1-1商业楼1层111,羊蝎子火锅,82.0,4.5,264,海淀区
六合居,海淀区远大路52号,老北京火锅,114.0,4.5,170,四季青
亮健容天老北京羊蝎子火锅（五彩城店）,海淀区朱房路50号,羊蝎子火锅,65.0,4.9,315,清河
淘汰郎小火锅（海淀店）,海淀区交大东路66号院1号楼1层108-1,涮涮锅,80.0,3.7,0,北下关
陈阿婆麻辣香锅（五棵松店）,海淀区复兴路32号院一区物业用房二层203室（汇通阳光商务酒店内）,干锅/香锅,58.0,4.3,2291,五棵松
友仁居老北京涮羊肉（知春路店）,海淀区知春路56号（希格玛大厦对面）,老北京火锅,84.0,4.4,138,双榆树
蝎王府羊蝎子（永定路店）,海淀区永定路铁家坟丙5号平房,火锅,95.0,4.9,448,五棵松
城都成串串香（创客小镇店）,海淀区画眉山东路创客小镇底商112号,串串香,85.0,4.9,777,海淀区
蝎王府羊蝎子（农大店）,海淀区厢黄旗七彩华园14号楼1层100,羊蝎子火锅,78.0,4.9,82,上地
郑记羊蝎子（恩济庄店）,海淀区恩济庄永安东里3号楼一层,羊蝎子火锅,80.0,5.0,13,四季青
时间之外牛板筋火锅●烤串,海淀区德惠路西山一号院商14号楼（原大麦茶嗑瓜子牛板筋火锅）,牛羊肉火锅,99.0,4.0,0,西北旺
就三桌涮肉馆（四道口店）,海淀区皂君庙东路皂君庙14号院鑫雅苑小区5号楼二层（东升地区）,老北京火锅,80.0,4.2,0,北下关
老诚一锅（魏公村店）,海淀区魏公街10号（快乐柠檬门进）,羊蝎子火锅,101.0,4.3,16,魏公村
京城蝎府羊蝎子（龙岗路店）,海淀区清河龙岗路18号（老宅门旁）,羊蝎子火锅,92.0,4.3,447,清河
一品焖锅（世纪金源购物中心店）,海淀区远大路1号世纪金源购物中心5楼（汉拿山旁）,焖锅,80.0,4.4,708,远大路
看庭前火锅·烧烤季（香山店）,海淀区香山路香山南营18号（卧佛寺南门往西100米路北，近香山公园）,老北京火锅,123.0,4.6,92,香山/植物园
草原情（羊蝎子•烤羊排店）,海淀区展春园西路蓟鑫大厦1层,羊蝎子火锅,70.0,4.2,1601,五道口
骨氣鼓氣秘制羊棒骨（上地店）,海淀区信息路19号（上地之城西侧，中国实创中心东侧）,特色火锅,112.0,3.6,98,上地
小渔棠（北清路店）,海淀区北清路68号23号楼B1层北侧,鱼火锅,67.0,4.4,579,西北旺
攀成钢小郡肝串串香（安河桥店）,海淀区海淀区龙背村路101号1层1-32号铺,串串香,100.0,4.2,63,颐和园
蝎王府羊蝎子（西直门店）,海淀区交大东路佰金广场一层（交通大学路口）,羊蝎子火锅,68.0,4.5,3491,北下关
蝎王府羊蝎子（清河店）,海淀区安宁庄东路72号小营桥西热力公司旁,羊蝎子火锅,65.0,4.5,970,清河
蝎王府羊蝎子（双榆树店）,海淀区双榆树中街双榆树东里甲18号,羊蝎子火锅,100.0,4.5,421,双榆树
京华烧烤羊蝎子（西二旗店）,海淀区西二旗大街39号融通高科大厦A座一层底商,羊蝎子火锅,82.0,4.3,1751,上地
北华涮肉小院（西苑店）,海淀区二龙闸路西苑桥桥西100米（三角地公园内）,老北京火锅,97.0,4.3,382,颐和园
和庆斋（明光村店）,海淀区西土城路明光村16号楼南侧2层016号,羊蝎子火锅,60.0,4.9,5,北下关
骨氣鼓氣秘制羊棒骨（五棵松店）,海淀区复兴路69号16幢-1层-101-199,特色火锅,90.0,4.3,354,五棵松
天地涮肉,海淀区大柳树路23号（大慧寺路东口）,老北京火锅,111.0,4.2,0,北下关
班花串串香火锅（中关村店）,海淀区海淀大街27号天使大厦底商,串串香,97.0,4.4,323,中关村
攀成钢小郡肝串串香（海淀绿地中央广场店）,海淀区林风二路39号（近苏家坨，绿地中央广场）,串串香,100.0,4.3,30,上庄
老诚一锅羊蝎子火锅,海淀区东北旺路,羊蝎子火锅,80.0,3.5,9,上地
串百万串串火锅（万柳华联店）,海淀区万柳购物广场5层,串串香,105.0,4.3,29,万柳
黄记煌三汁焖锅（四道口店）,海淀区学院南路33号（近四道口艺海金五星百货铁道西侧）,焖锅,80.0,4.4,3980,北下关
仁义餐厅,海淀区香山路西小府甲22号,火锅,91.0,4.0,0,香山/植物园
淘汰郎（第A2档口-熊猫星厨美食城店）,海淀区暂安处1号蓟鑫大厦D区301,小火锅,0.0,0.0,0,五道口
小帅锅旋转小火锅（五道口店）,海淀区北京海淀区成府路29号学府美食城,小火锅,28.0,3.9,5,五道口
炫丽彩虹重庆麻辣烫,海淀区是东王庄小区10号楼,火锅,47.0,3.7,0,五道口
和庆斋（颐泉山庄店）,海淀区龙背村路与天秀北路交口东南角,羊蝎子火锅,83.0,4.5,99,颐和园
玉林串串香（明光桥店）,海淀区学院南路甲7号,串串香,55.0,4.3,3202,牡丹园/北太平庄
喜乐祥山庄（杏石口店）,海淀区瑞王坟甲12号23号24号平房,特色火锅,70.0,4.8,0,四季青
阿田大虾（太舟坞店）,海淀区温泉路太舟坞108号,虾蟹火锅,86.0,4.4,123,海淀区
三山阳坊涮肉（闵庄店）,海淀区闵庄南路天香颐中里甲7号楼底商,老北京火锅,81.0,4.4,120,四季青
虾吃虾涮虾火锅（学院路店）,海淀区学院路17号（北京语言大学东门南侧肯德基楼下）,虾蟹火锅,69.0,4.3,4264,五道口
火炉火年糕火锅&芝士排骨（五道口店）,海淀区成府路食尚苑1楼,韩国菜,55.0,4.2,6797,五道口
羊蝎子鱼锅,海淀区颐和园路大有庄南上坡34号,羊蝎子火锅,60.0,4.3,173,颐和园
王土地火锅,海淀区中关村北大街42号圆明园东门正对面清华大学清华附中,特色火锅,70.0,4.4,52,五道口
骨珍香老城一锅羊蝎子（畅春园店）,海淀区颐和园路8号1层111,羊蝎子火锅,87.0,4.2,190,颐和园
骨珍香老城一锅羊蝎子（永定路店）,海淀区金沟河路15号院,羊蝎子火锅,115.0,4.2,132,五棵松
好汉烤羊腿·羊蝎子·音乐串吧,海淀区学清路逸成东苑甲9号商务楼2层,烤羊腿,103.0,5.0,10,五道口
虾吃虾涮火锅（八角店）,海淀区八角东街建西苑中里1号楼2层203号（京成商厦二层）,虾蟹火锅,80.0,4.7,75,古城/八角
关二涮肉（中关村店）,海淀区双榆树北青云路知春公园南侧（近嘉年华巴西烤肉）,老北京火锅,122.0,4.5,0,双榆树
我的唐锅（志新东路店）,海淀区志新东路8号,四川火锅,88.0,4.2,10,五道口
西山居菌汤小火锅,海淀区永丰路西山壹号院中信支行旁（中关村软件园旁）,小火锅,193.0,4.3,1321,上地
阳坊胜利涮羊肉（上庄店）,海淀区上庄路中国邮政西北方向40米,老北京火锅,88.0,4.2,11,上庄
阿单串串（食宝街店）,海淀区中关村海淀东一街食宝街Z139（海淀东一街与善缘街交汇处旁）,串串香,25.0,3.9,389,中关村
大骨羊骨火锅自助,海淀区阿杰水果行对面,自助火锅,0.0,3.7,5,上庄
虾吃虾涮（北洼店）,海淀区北洼西里28号物美超市北50米,虾蟹火锅,67.0,4.4,2609,紫竹桥
老北京铜锅涮肉（文慧园西路店）,海淀区文慧园斜街如家酒店楼下，永辉超市斜对面,老北京火锅,71.0,3.8,0,北下关
北华涮肉（北大西门店）,海淀区颐和园路5号北京大学西门畅春园南门东侧,老北京火锅,61.0,4.4,1692,颐和园
老佛爷铜炉蛙锅（五道口店）,海淀区成府路29号3-1-6,川菜,86.0,4.4,2849,五道口
三个渔夫灶台鱼（宝盛里店）,海淀区龙岗路宝盛里37号楼2层211号,其他中餐,81.0,4.4,25,清河
老北京门钉肉饼爆肚涮肉（农业大学西区店）,海淀区天秀路天秀花园东站1号（荷塘月舍对面）,老北京火锅,50.0,4.2,18,农业大学西区
Pick Me火锅杯（永定路店）,海淀区复兴路甲36号百朗园0212号,麻辣烫,0.0,3.8,0,五棵松
重庆鸡公煲（大钟寺店）,海淀区北三环西路甲18号中鼎大厦A座-101,川味火锅,0.0,4.1,0,北下关
蜀一数二串串香（五道口店）,海淀区中关村东路18号-1层,串串香,29.0,4.2,1,五道口
黔味家常菜（六道口店）,海淀区清华东路25号21号楼1层103室,农家菜,70.0,4.5,11,五道口
鲜潭蒸汽石锅鱼（五道口购物中心店）,海淀区展春园西路成府路28号五道口购物中心5层,鱼火锅,109.0,4.7,135,五道口
集天餐厅（人大店）,海淀区中关村大街59号中国人民大学南区食堂（教学三楼后侧）,烤鱼,50.0,4.7,5717,中关村
和庆斋（体育大学店）,海淀区中关村北大街1号（近圆明园东门公交）,羊蝎子火锅,88.0,4.3,0,海淀区
小城渔家·活鱼现烤（世纪金源购物中心店）,海淀区远大路1号金源时代购物中心5层,烤鱼,86.0,4.5,551,远大路
黄记黄串串香,海淀区师大北路附近,串串香,0.0,4.0,0,牡丹园/北太平庄
Pickme火锅杯（上地街店）,海淀区上地信息产业基地开拓路1号-1层118,麻辣烫,0.0,4.2,0,上地
航西老北京炭锅涮肉羊蝎子,海淀区北洼路南口90号,老北京火锅,87.0,4.4,9,航天桥
三个渔夫灶台鱼（清河店）,海淀区朱房路27号（近G7高速出口）,鱼火锅,79.0,4.4,1270,清河
精酿啤酒火锅串吧,海淀区北三环中路44号院,串串香,80.0,4.1,27,牡丹园/北太平庄
味香苑小馆,海淀区羊坊店东路101号店,火锅,40.0,3.8,30,公主坟/万寿路
龙源骨头庄（中发百旺商城店）,海淀区圆明园西路18号（中发百旺商城五楼527号）,羊蝎子火锅,90.0,4.0,93,上地
新花园火锅餐厅（五道口店）,海淀区成府路29号国际食尚苑A区3层（聚点串吧旁）,重庆火锅,66.0,4.7,60,五道口
万盛老北京涮肉坊,海淀区万寿路西街7号中组部招待所南门对面,老北京火锅,85.0,4.2,0,公主坟/万寿路
鲸鱼悦·鱼掌门鱼火锅（上地店）,海淀区马连洼北路8号万霖科技大厦B座106,鱼火锅,105.0,4.8,259,上地
金响涮肉（旱河路店）,海淀区旱河路与杏石口路交叉口西南角（京瑞宝通汽车用品商行旁）,老北京火锅,100.0,3.9,0,田村
四季火锅,海淀区学院路29号地大国际会议中心B1,涮涮锅,86.0,3.7,0,五道口
就三桌涮肉馆（铸城大厦配送店）,海淀区中关村南大街甲6号1层F8-4、F8-5、F9-3、F9-4,老北京火锅,80.0,0.0,0,双榆树
羊大爷,海淀区颐和园路5号,牛羊肉火锅,106.0,4.3,0,中关村
義公子冰煮羊火锅（万寿寺店）,海淀区万寿寺北里甲28号,火锅,145.0,4.8,50,魏公村
簋鱼锅,海淀区蓟鑫大厦三楼火锅店B3,鱼火锅,0.0,3.5,0,五道口
有范儿串串香火锅（清河店）,海淀区永泰庄西路6号院1层,串串香,80.0,4.5,456,清河
北京土著部落,海淀区清华东路东王庄小区10号楼底商,羊蝎子火锅,60.0,4.8,17,五道口
泰伙餐厅,海淀区复兴路乙11号梅地亚中心1层（近中央电视台）,泰国菜,126.0,4.6,947,公主坟/万寿路
夜焰串吧,海淀区王庄路东王庄33号楼二层8号,烤串,77.0,4.8,12,五道口
禧萃香港海鮮火鍋,海淀区花园路2号，权品金沙,港式火锅,257.0,4.8,19,牡丹园/北太平庄
木叶村日本料理,海淀区魏公街12号（韦伯豪小区正门对面）,日本料理,93.0,4.6,480,魏公村
有面儿碳烤羊腿,海淀区温泉镇尚峰尚水小区尚品园1号楼底商,烤串,70.0,4.7,707,海淀区
利桥顺酒楼（北洼路店）,海淀区北洼路40号,河北菜,88.0,4.6,337,航天桥
利桥顺酒楼（四道口店）,海淀区四道口路北下关四道口1号53号楼一至二层,河北菜,80.0,4.7,179,大钟寺
伙盆居,海淀区后屯路专家国际公馆,私房菜,86.0,4.6,24,清河
骏马老城一锅（骏马国际店）,海淀区中关村东路95号,羊蝎子火锅,81.0,4.6,42,中关村
重庆壹圣元火锅（公主坟店）,海淀区复兴路甲23号公主坟城乡贸易中心二楼西侧,重庆火锅,102.0,4.6,808,公主坟/万寿路
海兰火锅城,海淀区南平庄中路与西平庄路交叉口东100米,火锅,0.0,3.9,0,田村
胖胖家常菜,海淀区成府路与三才堂路交叉口西南角,家常菜,80.0,4.5,5,五道口
蜀渝你的串说（六道口店）,海淀区清华东路35号北京林业大学科贸楼1层（含二层）,重庆火锅,63.0,4.8,2334,五道口
烧饼酱肉.羊蝎子火锅,海淀区学院路17号1幢1层1号（北京语言大学东门向南50米）,羊蝎子火锅,72.0,3.8,21,五道口
老城羊蝎子,海淀区韩家川路西北旺韩家川村八局对面,羊蝎子火锅,68.0,4.2,0,百望山森林公园/309医院
牛街洪硕涮肉烧烤,海淀区安宁庄东路72号,老北京火锅,80.0,3.8,5,清河
知味麻辣串串香,海淀区善缘街1号食宝街2期杨国福旁边,串串香,18.0,4.3,3,中关村
虾吃虾涮（西直门店）,海淀区西直门北大街41号天兆家园3层北部东侧,虾蟹火锅,85.0,4.7,806,北下关
串串香,海淀区聂各庄路18号,串串香,0.0,4.2,0,海淀区
罗勒家（能量城市店）,海淀区板井路69号世纪金源大饭店楼下,牛羊肉火锅,135.0,4.9,1,远大路
羊蝎子爆肚（肉饼店）,海淀区彰化路48号,羊蝎子火锅,76.0,4.4,0,四季青
图灵私房菜,海淀区闵庄路42号院1号楼一层101,融合菜,93.0,4.4,1,颐和园
9号里铜锅涮肉（月泉路店）,海淀区学清路逸成东苑9号楼3层,老北京火锅,73.0,4.8,53,海淀区
王婆大虾•东北烧烤（六道口店）,海淀区中国矿业大学艺海大厦,海鲜火锅,77.0,4.6,87,五道口
臻和羊蝎子涮肉（海淀店）,海淀区天秀路9-5号院1号楼一层102室,老北京火锅,77.0,4.6,79,百望山森林公园/309医院
友兴朋记·铁锅肥肠（上地店）,海淀区信息路上地东里4区1号楼一层甲1号,特色火锅,80.0,4.7,9,上地
邬智雅娜·养生素食·松茸火锅（大钟寺店）,海淀区皂君庙东路皂君庙14号院鑫雅苑5号楼1层,素食,121.0,4.6,19,大钟寺
南门涮肉範,海淀区三里河路17号甘家口大厦北侧（增光路新华书店旁边）,老北京火锅,78.0,4.5,2,甘家口百货
重庆椰子鸡火锅,海淀区邓庄北路友谊路14号院,重庆火锅,83.0,4.1,0,海淀区
曾经的少年牛板筋火锅·串,海淀区上庄镇嘉郡小区109号,特色火锅,82.0,3.5,1,上庄
满祥轩（牡丹园店）,海淀区牡丹园东街29号,老北京火锅,103.0,4.6,0,牡丹园/北太平庄
小喜村（紫竹桥店）,海淀区紫竹院广源闸路5号1层,重庆火锅,90.0,4.6,89,紫竹桥
简阳羊肉汤（永泰庄店）,海淀区东升镇永泰庄北路永泰东村45号,羊肉汤,62.0,4.3,145,清河
老城一锅羊蝎子（闵庄南路店）,海淀区闵庄南路,羊蝎子火锅,0.0,4.1,0,四季青
蛙蛙叫·铜炉蛙锅（印象城店）,海淀区翠微路12号印象城购物中心4层,炭火锅,98.0,4.4,225,公主坟/万寿路
老诚一锅•羊蝎子·小龙虾·烧烤（西三旗新龙大厦直营店）,昌平区建材城西路新龙大厦一层,羊蝎子火锅,93.0,5.0,98,西三旗
七幺巴骨之味（五道口店）,海淀区北京市海淀区兰旗营134号南面平房,火锅,83.0,4.6,201,五道口
花聚（西二旗西路店）,海淀区西二旗大街西二旗智学苑29号楼,港式火锅,402.0,4.5,0,上地
椒天红羊蝎子,海淀区西翠路与五棵松北路交口万寿路4号院西门（南侧平房44号）,羊蝎子火锅,73.0,4.3,275,五棵松
临水居,海淀区北洼西里48号（地铁10号线，6号线慈寿寺B口出，过天桥向北50米宝联体育公园院内）,家常菜,51.0,4.3,830,航天桥
苗韵竹荪鹅（香山店）,海淀区香山南路南辛村2号中科院植物园西门对面,云南火锅,63.0,4.4,175,香山/植物园
老店红焖羊肉,海淀区翠微路6号附近,黑山羊火锅,0.0,4.1,0,公主坟/万寿路
1号·火锅鸡（第五档口-正兴美食城店）,海淀区中关村大街18号地下一层,快餐简餐,0.0,3.9,0,中关村
添一顺（宝蓝金园国际店）,海淀区东冉北街9号宝蓝金园国际中心,羊蝎子火锅,88.0,4.2,0,四季青
德文轩羊蝎子涮肉,海淀区闵庄南路16号中国建设银行旁边,羊蝎子火锅,108.0,4.2,0,四季青
矮仔广东潮汕餐厅,海淀区中关村东路110号（近三环联想桥）,潮州菜,94.0,3.6,5,双榆树
明洞邦·韩式美食广场（东升科技园店）,海淀区西小口路66号中关村东升科技园B区6号楼A座A02室,韩国菜,65.0,3.9,857,清河
陈阿婆春饼·烤鸭（复兴路店）,海淀区复兴路32号（五棵松地铁D口南50米）,烤鸭,66.0,4.0,99,五棵松
可鑫小馆（上庄店）,海淀区上庄馨瑞嘉园8号楼4单元105室,羊蝎子火锅,0.0,3.9,0,上庄
嘻鱼町酸菜小鱼（五道口店）,海淀区华源世纪商务楼双清路88号星选闪电厨房11号,酸菜鱼/水煮鱼,40.0,4.0,0,五道口
大手指广东酒家（万泉河小南庄店）,海淀区万柳东路小南庄400号西配楼一层,粤菜,89.0,4.6,50,苏州桥
骨气鼓氣秘制羊棒骨（中关村店）,海淀区海淀路19-1号,特色火锅,89.0,4.5,743,中关村
香辣香小火锅,海淀区北京理工大学京工食堂二楼,小火锅,27.0,4.0,0,魏公村
清青小火锅,海淀区荷清路清华大学芝兰园餐厅后身二层,小火锅,67.0,3.9,0,五道口
景娘家煮馍·麻辣烫/拌,海淀区清河街道花园楼小区众海泰美食城内,火锅,25.0,4.2,0,清河
艺古斋牛街涮肉,海淀区学院南路68号（皂君庙路与学院南路交口西南角）,老北京火锅,64.0,4.2,57,北下关
和合四季椰子鸡火锅（五棵松店）,海淀区玉渊潭南路凯迪拉克中心北门对面瑞丰园美食新天地二楼（西临蓝色港湾购物中心）,特色火锅,96.0,4.6,655,五棵松
小鱼堂,海淀区朱房路52号附近,鱼火锅,0.0,4.0,0,清河
安屿牦牛汤锅（苏州桥店）,海淀区厂洼路19号皇苑大酒店1楼,火锅,120.0,4.8,75,苏州桥
巴乡石锅鱼千年养生汤,海淀区苏家坨西埠头村口红星小学北200米,鱼火锅,60.0,4.5,274,海淀区
兴隆自助梭边鱼火锅城（台头村店）,海淀区聂各庄路346路台头村车站路南1号平房,自助火锅,52.0,4.2,940,海淀区
川渝马邦火锅鸡（小马厂店）,海淀区华天大厦地下一层,火锅,0.0,4.1,0,首都博物馆/莲花池东路
藤椒鱼,海淀区万泉河路68号,鱼火锅,0.0,0.0,0,苏州桥
爽亚爽纯鸭血厨爽火锅食材,海淀区巨山路西山国际城9号楼底商115号,四川火锅,0.0,4.0,0,田村
品圣甲万州烤鱼（西苑店）,海淀区中直路与二龙闸路交叉口北50米路西（西苑地铁C1口南50米）,鱼火锅,75.0,4.1,100,颐和园
古香食府（温泉店）,海淀区温泉镇古香道南街杨庄村南平房（农村信用社往南500米）,鱼火锅,69.0,4.2,3,海淀区
魏家小馆,海淀区篱笆房路青云南区（近北三环西路）,菌菇火锅,73.0,4.3,0,魏公村
海底捞火锅（世纪金源店）,海淀区远大路1号金源时代购物中心西区5层,四川火锅,0.0,4.7,0,远大路
海底捞火锅（悦茂购物中心店）,海淀区文龙家园四里4号楼悦茂购物中心3F-02、4F-07,四川火锅,0.0,4.8,0,清河
海底捞火锅（中关村壹号店）,海淀区北京市海淀区西北旺镇北清路中关村壹号A3栋二层,四川火锅,0.0,4.9,0,西北旺
老北京涮肉,海淀区明光东路5号,老北京火锅,0.0,0.0,0,北下关
贤合庄卤味火锅（六道口店）,海淀区海淀学清路38号B座4层410411（金码大厦b座）,四川火锅,0.0,0.0,0,五道口
老北京铜锅涮肉,海淀区花园路街道牡丹园西里16号楼北平楼,老北京火锅,0.0,0.0,0,牡丹园/北太平庄
老北京铜锅涮肉,海淀区北下关文慧桥17号,老北京火锅,0.0,0.0,0,北下关
海底捞（百旺商城店）,海淀区圆明园西路18-15号百旺商城四层,四川火锅,0.0,4.5,0,农业大学西区
小张烧烤（太平路店）,海淀区太平路甲12号，简时尚宾馆旁边,烤串,60.0,4.3,20,五棵松
火洲客·羊蝎子火锅（金澳国际店）,海淀区马甸东路19号,羊蝎子火锅,58.0,4.1,56,牡丹园/北太平庄
食在我家灶台鱼,海淀区北三环西路31号（京仪酒店南）,鱼火锅,67.0,4.2,0,双榆树
记忆洞子火锅便当（五路居店）,海淀区地铁六号线五路居站地下一层、地上一层地铁A出入口北侧1号用房、地铁B出入口东侧100米2号用房、地铁B出入口东侧200米3号用房,快餐简餐,0.0,4.0,0,四季青
甜鸭梨烤鸭店（农大店）,海淀区圆明园西路农大西校区对面,烤鸭,57.0,4.0,1609,颐和园
烩咕嘟原汤砂锅（金源购物中心店）,海淀区世纪金源购物中心5层西北角,砂锅火锅,47.0,4.3,1,远大路
单县全羊馆,海淀区东北旺西路金地花卉市场西门,牛羊肉火锅,0.0,4.4,642,上地
河南驴肉馆老店,海淀区新都路128号附近,黑山羊火锅,0.0,3.8,0,海淀区
玩儿串串（上地华联店）,海淀区农大南路1号院1号楼B101B1-25A号,串串香,25.0,3.9,0,上地
麻辣师娘（第四档口-味伯客美食城店）,海淀区罗庄西里13号楼一层东侧,串串香,0.0,4.1,0,知春路
玩儿串串（上地华联店）,海淀区农大南路1号院1号楼-1层B101B1-25A号,串串香,34.0,3.7,0,上地
三和天府烫锅鱼,海淀区香山南路中国邮政南50米,鱼火锅,49.0,4.4,136,香山/植物园
王婆大虾五道口店,海淀区成府路216号（满盆香水煮鱼隔壁）,火锅,78.0,4.3,6139,五道口
甄味·火锅烧烤餐厅,海淀区北安河路55号院1号楼五矿君澜酒店内,烧烤,0.0,5.0,1,海淀区
鱼众不同烤鱼·炭火娃锅（万泉庄路店）,海淀区万泉庄路第十九中学南门对面,烤鱼,52.0,4.4,4056,苏州桥
嘻牛·筋腩牛肉锅（第B23档口-橘猫精选美食城店）,海淀区北下关街道四道口橘猫精选3层,潮汕牛肉火锅,0.0,0.0,0,大钟寺
成都倒拐香耗儿鱼（西三环北路店）,海淀区西三环北路82号-1（航天桥北侧）,鱼火锅,97.0,4.3,2035,航天桥
铁锅柴鸡石锅鱼,海淀区聂各庄路与凤凰岭路交叉口北100米,鱼火锅,0.0,4.3,0,海淀区
精品羊棒骨烩面,海淀区四道口路大钟寺村27号,羊蝎子火锅,73.0,4.2,0,北下关
胡记骨头庄老店,海淀区建材城东路10号,小火锅,91.0,4.1,0,海淀区
祥和饭店,海淀区苏家坨镇草厂村129号平房（心意平价超市对面）,火锅,0.0,3.9,0,海淀区
老北京羊蝎子铜锅涮肉,海淀区用友产业园(北区)23号一层,羊蝎子火锅,87.0,3.8,3,西北旺
海底捞火锅（世纪金源店）,海淀区远大路1号金源时代购物中心西区5层,四川火锅,0.0,4.7,0,远大路
海底捞火锅（悦茂购物中心店）,海淀区文龙家园四里4号楼悦茂购物中心3F-02、4F-07,四川火锅,0.0,4.8,0,清河
海底捞火锅（中关村壹号店）,海淀区北京市海淀区西北旺镇北清路中关村壹号A3栋二层,四川火锅,0.0,4.9,0,西北旺
老北京涮肉,海淀区明光东路5号,老北京火锅,0.0,0.0,0,北下关
贤合庄卤味火锅（六道口店）,海淀区海淀学清路38号B座4层410411（金码大厦b座）,四川火锅,0.0,0.0,0,五道口
老北京铜锅涮肉,海淀区花园路街道牡丹园西里16号楼北平楼,老北京火锅,0.0,0.0,0,牡丹园/北太平庄
老北京铜锅涮肉,海淀区北下关文慧桥17号,老北京火锅,0.0,0.0,0,北下关
海底捞（百旺商城店）,海淀区圆明园西路18-15号百旺商城四层,四川火锅,0.0,4.5,0,农业大学西区
阳坊大都涮羊肉（上地店）,海淀区信息路30号（上地大厦二层）,老北京火锅,0.0,4.8,2,上地
胡羊记,海淀区教师进修学院,牛羊肉火锅,0.0,0.0,0,颐和园
祥泰居牛板肚火锅,海淀区信息路厢白旗桥73号,火锅,0.0,4.0,0,五道口
玩儿串串（华联万柳购物中心店）,海淀区巴沟路2号1幢地下一层B1-35,串串香,25.0,3.6,0,万柳
玩儿串串（华熙调调街店）,海淀区复兴路华熙调调街二层G069,串串香,32.0,3.8,1,五棵松
重庆火锅干锅鸭头,海淀区田村路熙湖三期东100米,重庆火锅,0.0,3.0,0,田村
小鱼大作（花园桥店）,海淀区北京工业大学继续教育学院分部,鱼火锅,20.0,4.0,0,航天桥
玩儿串串（五彩城店）,海淀区清河中街68号3层L308号,串串香,25.0,3.7,0,清河
玩儿串串（金源燕莎店）,海淀区远大路1号西区5层5009,串串香,25.0,3.8,0,远大路
老北京涮肉坊（田村店）,海淀区田村路39号,老北京火锅,96.0,4.1,0,田村
70后鱼馆（稻香湖店）,海淀区稻香湖路与东埠头路交叉口东北角,鱼火锅,83.0,4.0,0,海淀区
蜀牛记刀叉牛肉养生汤锅,海淀区黑泉路观景园小区西侧兴美大厦,汤锅,78.0,4.7,26,清河
海底捞火锅（世纪金源店）,海淀区远大路1号金源时代购物中心西区5层,四川火锅,0.0,4.7,0,远大路
海底捞火锅（悦茂购物中心店）,海淀区文龙家园四里4号楼悦茂购物中心3F-02、4F-07,四川火锅,0.0,4.8,0,清河
海底捞火锅（中关村壹号店）,海淀区北京市海淀区西北旺镇北清路中关村壹号A3栋二层,四川火锅,0.0,4.9,0,西北旺
老北京涮肉,海淀区明光东路5号,老北京火锅,0.0,0.0,0,北下关
贤合庄卤味火锅（六道口店）,海淀区海淀学清路38号B座4层410411（金码大厦b座）,四川火锅,0.0,0.0,0,五道口
老北京铜锅涮肉,海淀区花园路街道牡丹园西里16号楼北平楼,老北京火锅,0.0,0.0,0,牡丹园/北太平庄
老北京铜锅涮肉,海淀区北下关文慧桥17号,老北京火锅,0.0,0.0,0,北下关
海底捞（百旺商城店）,海淀区圆明园西路18-15号百旺商城四层,四川火锅,0.0,4.5,0,农业大学西区
阳坊大都涮羊肉（上地店）,海淀区信息路30号（上地大厦二层）,老北京火锅,0.0,4.8,2,上地
胡羊记,海淀区教师进修学院,牛羊肉火锅,0.0,0.0,0,颐和园
愉火锅,海淀区颐和园路北京大学家园食堂4层,重庆火锅,0.0,3.5,0,中关村
许氏王婆大虾（万寿路店）,海淀区万寿路翠微南里临街房3号,虾蟹火锅,0.0,0.0,0,公主坟/万寿路
海底捞火锅（大钟寺店）,海淀区北三环西路甲18号大钟寺中坤广场E座5层,四川火锅,105.0,5.0,12,大钟寺
小胖特色焖锅（清华大学店）,海淀区中关村北大街18号地下一层B06号,焖锅,0.0,0.0,0,五道口
1905旋转小火锅,海淀区中国农业大学学生2号公寓南楼,小火锅,0.0,0.0,0,五道口
花间沐冬阴功海鲜火锅,海淀区颐和园路208号龙湖星悦荟二楼,海鲜火锅,0.0,4.0,0,颐和园
淘汰郎小火锅（海淀二店）,海淀区学院路甲5号15幢一、二层,涮涮锅,80.0,4.0,0,五道口
百旺三人行市井火锅（五道口店）,海淀区成府路清华大学五道口金融学院南门旁,重庆火锅,80.0,0.0,0,五道口
黄记煌三汁焖锅（中发百旺商城店）,海淀区圆明园西路18号中发百旺商城5层,焖锅,79.0,4.2,2541,上地
虾吃虾涮（知春路店）,海淀区罗庄西里5号楼（亿客家宾馆）,虾蟹火锅,75.0,4.4,2498,知春路
马路边边串串香（五棵松店）,海淀区玉渊潭南路瑞丰美食新天地2楼,串串香,102.0,4.5,162,五棵松
懒熊火锅（双井物美店）,海淀区远大路贵友大厦B1卜蜂莲花内,生鲜,0.0,3.8,0,远大路
海底捞火锅（悦茂购物中心店）,海淀区文龙家园四里4号楼悦茂购物中心3F-02、4F-07,四川火锅,0.0,4.8,0,清河
海底捞火锅（中关村壹号店）,海淀区北京市海淀区西北旺镇北清路中关村壹号A3栋二层,四川火锅,0.0,4.9,0,西北旺
老北京涮肉,海淀区明光东路5号,老北京火锅,0.0,0.0,0,北下关
贤合庄卤味火锅（六道口店）,海淀区海淀学清路38号B座4层410411（金码大厦b座）,四川火锅,0.0,0.0,0,五道口
老北京铜锅涮肉,海淀区花园路街道牡丹园西里16号楼北平楼,老北京火锅,0.0,0.0,0,牡丹园/北太平庄
老北京铜锅涮肉,海淀区北下关文慧桥17号,老北京火锅,0.0,0.0,0,北下关
海底捞（百旺商城店）,海淀区圆明园西路18-15号百旺商城四层,四川火锅,0.0,4.5,0,农业大学西区
阳坊大都涮羊肉（上地店）,海淀区信息路30号（上地大厦二层）,老北京火锅,0.0,4.8,2,上地
胡羊记,海淀区教师进修学院,牛羊肉火锅,0.0,0.0,0,颐和园
愉火锅,海淀区颐和园路北京大学家园食堂4层,重庆火锅,0.0,3.5,0,中关村
许氏王婆大虾（万寿路店）,海淀区万寿路翠微南里临街房3号,虾蟹火锅,0.0,0.0,0,公主坟/万寿路
海底捞火锅（大钟寺店）,海淀区北三环西路甲18号大钟寺中坤广场E座5层,四川火锅,105.0,5.0,12,大钟寺
小胖特色焖锅（清华大学店）,海淀区中关村北大街18号地下一层B06号,焖锅,0.0,0.0,0,五道口
1905旋转小火锅,海淀区中国农业大学学生2号公寓南楼,小火锅,0.0,0.0,0,五道口
花间沐冬阴功海鲜火锅,海淀区颐和园路208号龙湖星悦荟二楼,海鲜火锅,0.0,4.0,0,颐和园
淘汰郎小火锅（海淀二店）,海淀区学院路甲5号15幢一、二层,涮涮锅,80.0,4.0,0,五道口
百旺三人行市井火锅（五道口店）,海淀区成府路清华大学五道口金融学院南门旁,重庆火锅,80.0,0.0,0,五道口
黄记煌三汁焖锅（中发百旺商城店）,海淀区圆明园西路18号中发百旺商城5层,焖锅,79.0,4.2,2541,上地
虾吃虾涮（知春路店）,海淀区罗庄西里5号楼（亿客家宾馆）,虾蟹火锅,75.0,4.4,2498,知春路
马路边边串串香（五棵松店）,海淀区玉渊潭南路瑞丰美食新天地2楼,串串香,102.0,4.5,162,五棵松
懒熊火锅（双井物美店）,海淀区远大路贵友大厦B1卜蜂莲花内,生鲜,0.0,3.8,0,远大路
陈阿婆总后店,海淀区复兴路22号院30号楼一楼,重庆火锅,0.0,3.8,0,公主坟/万寿路
鸭爪爪火锅,海淀区海淀中街6号,四川火锅,0.0,3.0,0,中关村
鸭儿李记涮肉,海淀区阜成路北三街,老北京火锅,0.0,0.0,0,航天桥
313羊庄（上地店）,海淀区上地信息路科实大厦底商,牛羊肉火锅,97.0,4.8,152,上地
老北京兴缘斋涮羊肉（甘家口店）,海淀区三里河路7号19幢,老北京火锅,92.0,4.4,718,海淀区
重庆正宗片片鱼,海淀区西北旺镇冷泉西街,鱼火锅,0.0,0.0,0,海淀区
汕头八合里海记牛肉店,海淀区中关村壹号,潮汕牛肉火锅,0.0,4.1,0,海淀区
倍有饭焖锅,海淀区北京市海淀区农大南路88号万霖大厦负一层万霖美食城,焖锅,0.0,0.0,0,上地
北齐牛国产安格斯黑牛肉,海淀区四季青曙光花园,四川火锅,0.0,0.0,0,四季青
三只羊老北京涮肉（马连洼店）,海淀区马连洼北路与竹园中街交叉口往南50米路西（竹园30号楼一层103）,老北京火锅,114.0,4.7,16,农业大学西区
馋嘴鱼火锅,海淀区学院南路明光村2号（金辉大酒店斜对面）,火锅,56.0,3.9,3,北下关
1905旋转小火锅,海淀区中国农业大学学生2号公寓南楼,小火锅,0.0,0.0,0,五道口
花间沐冬阴功海鲜火锅,海淀区颐和园路208号龙湖星悦荟二楼,海鲜火锅,0.0,4.0,0,颐和园
淘汰郎小火锅（海淀二店）,海淀区学院路甲5号15幢一、二层,涮涮锅,80.0,4.0,0,五道口
百旺三人行市井火锅（五道口店）,海淀区成府路清华大学五道口金融学院南门旁,重庆火锅,80.0,0.0,0,五道口
黄记煌三汁焖锅（中发百旺商城店）,海淀区圆明园西路18号中发百旺商城5层,焖锅,79.0,4.2,2541,上地
虾吃虾涮（知春路店）,海淀区罗庄西里5号楼（亿客家宾馆）,虾蟹火锅,75.0,4.4,2498,知春路
马路边边串串香（五棵松店）,海淀区玉渊潭南路瑞丰美食新天地2楼,串串香,102.0,4.5,162,五棵松
懒熊火锅（双井物美店）,海淀区远大路贵友大厦B1卜蜂莲花内,生鲜,0.0,3.8,0,远大路
陈阿婆总后店,海淀区复兴路22号院30号楼一楼,重庆火锅,0.0,3.8,0,公主坟/万寿路
鸭爪爪火锅,海淀区海淀中街6号,四川火锅,0.0,3.0,0,中关村
鸭儿李记涮肉,海淀区阜成路北三街,老北京火锅,0.0,0.0,0,航天桥
313羊庄（上地店）,海淀区上地信息路科实大厦底商,牛羊肉火锅,97.0,4.8,152,上地
老北京兴缘斋涮羊肉（甘家口店）,海淀区三里河路7号19幢,老北京火锅,92.0,4.4,718,海淀区
重庆正宗片片鱼,海淀区西北旺镇冷泉西街,鱼火锅,0.0,0.0,0,海淀区
汕头八合里海记牛肉店,海淀区中关村壹号,潮汕牛肉火锅,0.0,4.1,0,海淀区
倍有饭焖锅,海淀区北京市海淀区农大南路88号万霖大厦负一层万霖美食城,焖锅,0.0,0.0,0,上地
北齐牛国产安格斯黑牛肉,海淀区四季青曙光花园,四川火锅,0.0,0.0,0,四季青
三只羊老北京涮肉（马连洼店）,海淀区马连洼北路与竹园中街交叉口往南50米路西（竹园30号楼一层103）,老北京火锅,114.0,4.7,16,农业大学西区
馋嘴鱼火锅,海淀区学院南路明光村2号（金辉大酒店斜对面）,火锅,56.0,3.9,3,北下关
凝小杰火锅杯（食宝街店）,海淀区中关村食宝街,四川火锅,0.0,0.0,0,中关村
大同自助旋转小火锅,海淀区悦动全民健身中心（大同小厨内）,自助火锅,0.0,3.7,0,农业大学西区
焖三国·铁锅焖面（四道口店）,海淀区北三环西路甲18号中鼎大厦A座-101,焖锅,0.0,4.1,0,北下关
羊蝎子,海淀区魏公村民族大学北路10号,羊蝎子火锅,0.0,0.0,0,魏公村
聚贤骨头庄（马连洼店）,海淀区马连洼北路万霖科技大厦B座1层107,羊蝎子火锅,98.0,3.5,9,上地
自助小火锅（青年政治学院第七食堂）,海淀区西三环北路25号青年政治学院第七食堂,自助火锅,0.0,0.0,0,紫竹桥
重庆地瓜老火锅,海淀区文慧园56号公寓小区39-1号,重庆火锅,0.0,0.0,0,北下关
新新火锅,海淀区龙泉驾校,火锅,0.0,0.0,0,西北旺
老山城独一号火锅鸡万霖科技店,海淀区马连洼北路万霖科技大厦A座,火锅,0.0,0.0,0,上地
清真风味羊羯子,海淀区上地十街1院3号楼附近,羊蝎子火锅,0.0,0.0,0,上地
羊蝎子馆（彰化路店）,海淀区曙光花园,羊蝎子火锅,0.0,0.0,0,四季青
麻辣酷串串香,海淀区圆明园西路百旺商城-01层,串串香,0.0,0.0,0,上地
麻辣涮串（西二旗店）,海淀区西二旗西路 领秀新硅谷-B区,小火锅,0.0,0.0,0,上地
小有名重庆老火锅（建西苑店）,海淀区八角东街建西苑北里14号楼底商,重庆火锅,78.0,4.9,165,古城/八角
芈重山老火锅（五道口店）,海淀区成府路35号五道口东源大厦2层东侧,重庆火锅,100.0,4.9,386,五道口
高兴火锅（知春路总店）,海淀区知春路甲20号,四川火锅,85.0,4.9,2498,知春路
高兴火锅（五道口店）,海淀区成府路35号五道口东源大厦6层,四川火锅,107.0,5.0,737,五道口
重八牛府之初入江湖（双榆树店）,海淀区双榆树东里15号一零一中学西门西行30米,火锅,81.0,4.9,5340,双榆树
井格重庆火锅（五道口店）,海淀区成府路29号五道口国际食尚苑内,重庆火锅,97.0,4.5,424,五道口
重八牛府之不忘初心（学院路店）,海淀区学清路10号院1号楼学清嘉创大厦A座2层,火锅,98.0,4.9,542,五道口
辣麻麻老灶火锅（人大紫金店）,海淀区万泉河路68号2楼,重庆火锅,81.0,4.5,1200,苏州桥
九九嗨吃火锅中心（航天桥店）,海淀区西三环中路航天桥西南角航天商务院内1楼（近九头鸟餐厅）,重庆火锅,92.0,4.8,154,航天桥
巴蜀龍炎卤味火锅,海淀区上地东路颐泉汇底商东门,重庆火锅,87.0,5.0,222,上地
巴奴毛肚火锅（北京新中关店）,海淀区中关村大街19号 新中关购物中心4层,重庆火锅,172.0,4.9,3,中关村
宽板凳老灶火锅（永丰路店）,海淀区北清路68号院23号楼B1层北侧区域中段,重庆火锅,81.0,4.5,1876,西北旺
有拈头成都市井火锅（KALCITY能量城市店）,海淀区板井路69号能量城市B-L205、206层（KALCITY能量城市）,四川火锅,110.0,4.8,39,远大路
小龙坎火锅（西直门店）,海淀区交大东路31号,四川火锅,111.0,4.3,793,北下关
井格重庆火锅（牡丹园店）,海淀区花园东路甲32号3层301室（吉野家楼上）,重庆火锅,102.0,4.9,177,牡丹园/北太平庄
小码头重庆火锅（皂君东里店）,海淀区皂君庙路皂君东里36号楼（法雅体育商场北侧）,火锅,61.0,4.7,7038,大钟寺
九号重庆火锅（六道口店）,海淀区学清路甲18号中关村东升科技园学院一层A区101室,重庆火锅,100.0,4.7,3100,五道口
重八牛府之小刀牛试（魏公村店）,海淀区中关村南大街2号华宇时尚购物中心夹层,特色火锅,98.0,4.9,4172,魏公村
东来顺饭庄（五道口店）,海淀区成府路28号五道口购物中心5楼13号（近五道口地铁站）,老北京火锅,119.0,4.1,21677,五道口
唇辣号重庆老火锅（五道口店）,海淀区双清路西王庄5号楼1楼,重庆火锅,84.0,4.7,1855,五道口
青瓷火锅自助（五道口购物中心店 ）,海淀区成府路20号五道口购物中心6层,港式火锅,101.0,4.6,308,五道口
芈重山老火锅（公主坟店）,海淀区复兴路城乡购物中心西侧2层（新华旅游观光电梯上二楼）,重庆火锅,95.0,4.8,319,公主坟/万寿路
重八牛府之四海来客（食宝街店）,海淀区海淀区光耀东方中心100号,特色火锅,98.0,4.9,306,航天桥
牛麒荟潮汕牛肉火锅（双清路店）,海淀区双清路6号院1号楼（7天酒店旁）,潮汕牛肉火锅,93.0,4.9,556,五道口
小码头重庆火锅（永泰店）,海淀区永泰庄西路6号院一层,重庆火锅,71.0,4.7,3317,清河
川椒缘火锅（民大西路店）,海淀区民族大学西路18号5号楼3层,川味火锅,90.0,4.5,318,魏公村
小码头重庆火锅二里庄店,海淀区志新西路11-14号,重庆火锅,63.0,4.4,1962,五道口
谭鸭血老火锅（五道口店）,海淀区成府路29号五道口国际食尚苑二楼,四川火锅,118.0,4.3,83,五道口
福口居（北太平庄店）,海淀区北太平庄北三环中路40号（近国美）,老北京火锅,63.0,4.9,10003,牡丹园/北太平庄
湊湊火锅·茶憩（新中关购物中心店）,海淀区中关村新中关购物中心4层湊湊火锅,特色火锅,113.0,4.4,209,中关村
小码头重庆火锅（明光村店）,海淀区西直门北大街明光村东门（天方饭店对面）,重庆火锅,58.0,4.4,3993,牡丹园/北太平庄
龙船码头·成都醉美火锅（海淀店）,海淀区知春路地铁F口对面大运村公寓9号楼底商,四川火锅,116.0,4.9,603,知春路
玲珑居老北京涮羊肉（玲珑路店）,海淀区玲珑路与恩济东街交叉口东南角（八里庄北里23号楼商用房）,老北京火锅,98.0,4.5,920,航天桥
洋马儿火锅（北京直营店）,海淀区北三环中路40号院b座101,重庆火锅,95.0,4.6,184,牡丹园/北太平庄
东来顺饭庄（中关村店）,海淀区中关村海淀大街36号彩和坊路海置创投大厦东侧门(地铁四号线中关村D口出，从海龙大厦一直往西走700米到彩和坊路即到，地铁十号线苏州站C口出往北1000米到彩和坊即到),老北京火锅,95.0,4.4,17462,中关村
小山娘川辣火锅（上地店）,海淀区东北旺西路8号院38号地下一层106,重庆火锅,85.0,4.8,1197,上地
海底捞火锅（枫蓝国际购物中心店）,海淀区西直门北大街32号枫蓝国际购物中心3层,四川火锅,111.0,4.9,63,北下关
磁器铜锅涮肉（学院南路店）,海淀区学院南路33号康福瑞假日酒店底商A2-2号磁器铜锅涮肉,老北京火锅,68.0,4.8,1481,北下关
井格重庆火锅（当代商城店）,海淀区中关村南大街40号当代商城1栋7层702,重庆火锅,93.0,4.8,54,双榆树
沸炉鲜货火锅牡丹园店,海淀区花园路2号翠微百货西门北20米（牡丹集团西门）,重庆火锅,99.0,4.9,935,牡丹园/北太平庄
寻鲜记·老北京铜锅涮肉（西客站食宝街店）,海淀区羊坊店路18号西站食宝街2层正对电梯,老北京火锅,108.0,4.3,221,北京西站/军博
沸炉鲜货火锅（军事博物馆店）,海淀区北蜂窝路14号（汉庭酒店北行100米，羊坊店派出所旁）,重庆火锅,94.0,4.8,736,北京西站/军博
葫芦娃一家人火锅（上地店）,海淀区马连洼竹园30号楼一层103室，二层201室（西山华府底商）,四川火锅,90.0,4.5,4,上地
呷哺呷哺（上地华联店）,海淀区农大南路1号院1号楼上地华联购物中心四层,小火锅,50.0,4.8,516,上地
宽板凳老灶火锅（上地店）,海淀区上地西路41号院内（近上地华联北侧）,重庆火锅,88.0,4.1,1965,上地
谭鸭血老火锅（中关村店）,海淀区中关村大街15-9号（食宝街一期2层，新东方斜对面，地铁4/10号线海淀黄庄站A2西北口）,四川火锅,128.0,4.3,185,中关村
海底捞火锅（紫竹桥店）,海淀区北洼路4号苏宁电器四层,四川火锅,108.0,4.9,78,紫竹桥
攀成钢小郡肝串串香（海淀直营总店）,海淀区成府路五道口国际食尚苑B区3层南侧（井格右手边楼梯上3楼）,串串香,99.0,4.8,749,五道口
辣爷重庆老火锅（温泉镇店）,海淀区温泉路尚峰尚水（尚品园D121）,重庆火锅,86.0,4.8,305,海淀区
宽板凳老灶火锅（八角店）,海淀区八角东街京成商厦一层,重庆火锅,96.0,4.7,172,古城/八角
HI辣火锅（五棵松店）,海淀区复兴路华熙live东区玛莎拉蒂北侧右转街内和畅小镇对面,四川火锅,101.0,4.4,2497,五棵松
黄仕秀吃火锅中心（五道口店）,海淀区学院路20号,重庆火锅,108.0,4.5,116,五道口
贤合庄卤味火锅（万柳华联店）,海淀区巴沟路2号北京华联万柳购物中心B1,四川火锅,120.0,4.2,92,万柳
小山娘川辣火锅（凯德晶品店）,海淀区复兴路51号凯德晶品购物中心4层,重庆火锅,100.0,4.7,105,公主坟/万寿路
老街火锅（阜成路店）,海淀区阜成路定慧北里23号蓝宏中心1-2层,重庆火锅,108.0,4.7,121,五棵松
宽板凳老灶火锅（保福寺店）,海淀区中关村南三街76号中国科学院计算机研究所对面,重庆火锅,89.0,4.7,686,中关村
海底捞火锅（印象城店）,海淀区翠微路12号印象城购物中心4层,四川火锅,109.0,4.9,91,公主坟/万寿路
凤王府成都火锅（北京西山店）,海淀区杏石口路80号,四川火锅,110.0,4.7,182,四季青
小龙坎火锅（清华园店）,海淀区中关村东路1号院清华科技园科技大厦C座102号,四川火锅,114.0,4.1,213,五道口
功夫潮牛潮汕牛肉火锅（上地店）,海淀区信息路19号（华联商厦对面）,潮汕牛肉火锅,99.0,4.6,748,上地
巴奴毛肚火锅（北京世纪金源店）,海淀区远大路世纪金源购物中心五层D31,重庆火锅,150.0,4.8,6,远大路
潮牛庄园·潮汕鲜牛肉火锅（中关村店）,海淀区通惠寺3号巴比伦酒店3楼（近地铁10号线海淀黄庄站A口）,潮汕牛肉火锅,88.0,4.2,897,中关村
喜洋洋老北京涮肉（航天桥总店）,海淀区北洼路南口90号平房（北京市经济管理学校对面）,老北京火锅,78.0,4.7,72,航天桥
渡娘火锅（永丰悦界店）,海淀区永润路18号院1号楼2层C2栋201-203,重庆火锅,90.0,4.9,45,上庄
锅说一次用油老火锅（五棵松店）,海淀区复兴路69号院2号五棵松华熙LIVE·hi-up北区B1层151号,重庆火锅,114.0,4.2,512,五棵松
小肥羊（西三旗店）,昌平区建材城西路87号2号楼2楼201-8室商铺,牛羊肉火锅,89.0,4.7,2194,西三旗
呷哺呷哺（新中关购物中心店）,海淀区中关村新中关购物中心地下一层,小火锅,49.0,4.4,504,中关村
滚滚火锅（学清路店）,海淀区学清嘉创大厦A座三层,四川火锅,102.0,4.8,7,五道口
海底捞火锅（牡丹园店）,海淀区花园东路2号,四川火锅,101.0,4.8,140,牡丹园/北太平庄
聚宝源（五棵松店）,海淀区万寿路西街西长安美居酒店一层,老北京火锅,110.0,4.5,220,五棵松
付小姐在成都（六道口店）,海淀区清华东路25号（六道口地铁站A1出口）,串串香,77.0,4.7,713,五道口
东来顺饭庄（上地华联店）,海淀区信息路BHG生活超市(上地店)4层,老北京火锅,105.0,4.4,41,上地
沸炉鲜货火锅（龙湖星悦荟店）,海淀区中直路1号龙湖星悦荟1层（近西苑地铁站C1口，北京大学）,重庆火锅,113.0,4.5,550,颐和园
东来顺饭庄（紫竹桥店）,海淀区西三环北路25-2号（近紫竹桥北路）,老北京火锅,110.0,4.7,3255,紫竹桥
重庆地瓜老火锅（西四环北路总店）,海淀区西四环北路136号金泰海博大酒店2楼,重庆火锅,89.0,4.8,1981,四季青
呷哺呷哺（西苑颐和天街店）,海淀区颐和园路208号楼一层208-14208-15,小火锅,60.0,4.2,9,颐和园
自助火锅,海淀区学院路7号 弘彧大厦一层106,自助火锅,46.0,4.4,317,五道口
超岛串串火锅（龙湖星悦荟店）,海淀区龙湖北京西苑星悦荟,串串香,105.0,4.3,156,颐和园
呷哺呷哺（北洼路华普店）,海淀区北洼路32号华普超市一层,小火锅,48.0,4.9,413,紫竹桥
聚宝源（牡丹园店）,海淀区花园东路30号花园饭店八号楼四层8401,老北京火锅,118.0,4.6,86,牡丹园/北太平庄
口福居老北京涮肉（大运村店）,海淀区知春路29号大学生公寓7-8号楼（大学生公寓往南）,老北京火锅,67.0,4.5,5009,知春路
唇辣号重庆老火锅（上地七街店）,海淀区上地西路国际创业园中关村国际孵化园（近工商银行）,重庆火锅,105.0,4.7,460,上地
钢管厂五区小郡肝火锅串串香（知春路店）,海淀区罗庄西里北路,串串香,95.0,4.8,87,知春路
湊湊火锅·茶憩（领展购物广场店）,海淀区丹棱街甲1号领展购物中心中关村店5层,特色火锅,115.0,4.5,92,中关村
唇辣号重庆老火锅（人民大学店）,海淀区苏州街57号,重庆火锅,100.0,4.4,119,中关村
海底捞火锅（华联万柳购物中心店）,海淀区巴沟路2号华联万柳购物中心五层L507、508（近地铁10号线巴沟站）,四川火锅,112.0,4.9,84,苏州桥
一起捞鲜汤火锅（交大店）,海淀区交大东路17号京煤大厦底商,特色火锅,106.0,4.6,33,北下关
谭鸭血老火锅（北清路店）,海淀区丰豪东路9号院1号楼,四川火锅,131.0,4.1,176,西北旺
井格重庆火锅（四道口店）,海淀区学院南路33号25号楼1层（康福瑞假日酒店一层底商）,重庆火锅,113.0,4.4,284,北下关
锅底儿火锅（永定路店）,海淀区复兴路甲36号百朗园社区（东门口）,四川火锅,88.0,4.1,147,五棵松
海底捞火锅（上地华联店）,海淀区农大南路1号院1号楼上地华联中心4层,四川火锅,111.0,4.9,17,上地
呷哺呷哺（海淀田村物美店）,海淀区田村路43号京粮广场一层A-1号商铺,小火锅,47.0,4.7,588,田村
浩爷羊蝎子火锅（双榆树店）,海淀区双榆树一街双榆树北里甲18号（当代商场北侧、双榆树一街东行200米路北）,羊蝎子火锅,122.0,4.8,2173,双榆树
沸腾质数火锅,海淀区上地十街一号院辉煌国际东6号楼220（辉煌国际商业街东门入口二楼）,四川火锅,96.0,5.0,29,上地
唇辣号重庆老火锅（苏州街店）,海淀区苏州街29号,重庆火锅,92.0,4.4,1130,苏州桥
井格重庆火锅（圆明园农大店）,海淀区农大南路肖家河新村东区北门旁,重庆火锅,115.0,4.2,677,上地
呷哺呷哺（五道口华联店）,海淀区五道口华联商厦地下一层,小火锅,48.0,4.5,523,五道口
浩爷羊蝎子火锅（双榆树店）,海淀区双榆树一街双榆树北里甲18号（当代商场北侧、双榆树一街东行200米路北）,羊蝎子火锅,122.0,4.8,2173,双榆树
渡娘火锅（清河店）,海淀区清河一街60号一层109号底商,重庆火锅,90.0,4.5,199,清河
宽板凳老灶火锅（世纪城店）,海淀区远大路远大园2区甲1号2楼,重庆火锅,109.0,4.3,50,远大路
怒火八零重庆市井火锅（健翔桥店）,朝阳区北京市朝阳区华严北里甲1号31幢1层全部右3号,重庆火锅,100.0,4.7,26,牡丹园/北太平庄
妈妈酥肉老火锅（八一制片厂店）,海淀区莲宝路十号院北门北平盛世旁边,四川火锅,80.0,4.8,257,六里桥/丽泽桥
钢管厂五区小郡肝火锅串串香（清河万象汇店）,海淀区朱房路100号,串串香,98.0,4.6,101,清河
呷哺呷哺（五棵松店）,海淀区复兴路32号院东物业楼二层1号,小火锅,50.0,4.9,474,五棵松
汕头八合里海记牛肉店（清河店）,海淀区G6国道辅路小营桥红绿灯向北300米岔路内西三旗派出所旁,潮汕牛肉火锅,119.0,4.8,705,清河
102蹄花火锅（苏州桥店）,海淀区北三环西路甲60号（苏州桥东）,四川火锅,57.0,4.7,390,苏州桥
谭记潮汕牛肉火锅·潮粥馆（西直门店）,海淀区交大东路66号院2号楼1层125-126号,潮汕牛肉火锅,92.0,4.4,273,西直门/动物园
西唐成都老火锅与羊蝎子锅（中关村店）,海淀区海淀大街左岸公社二层202B,四川火锅,100.0,4.8,39,中关村
东来顺饭庄（闵庄店）,海淀区北坞嘉园南里35号楼玉泉商业生活中心四层,老北京火锅,95.0,4.3,497,颐和园
呷哺呷哺（数码大厦店）,海淀区中关村南大街2号A座A8单元B1,小火锅,57.0,4.8,333,魏公村
呷哺呷哺（印象城店）,海淀区翠微路12号印象城购物中心B1层,小火锅,57.0,4.3,239,公主坟/万寿路
滇釜火锅·能喝汤的火锅（车公庄店）,海淀区首体南路9号主语国际7号楼2楼（近地铁6号线白石桥南站E口）,云南火锅,98.0,4.6,4950,紫竹桥
玉林串串香（双安店）,海淀区双榆树三街双榆树西里6号,串串香,81.0,4.5,254,双榆树
呷哺呷哺（中发百旺店）,海淀区圆明园西路18号中发百旺商城5层,小火锅,48.0,4.9,410,上地
谭鸭血老火锅（黑泉路店）,海淀区黑泉路兴美大厦一层,四川火锅,112.0,4.7,449,清河
竹叶居成都火锅（万柳店）,海淀区万柳中路29号院4-03,四川火锅,86.0,5.0,25,万柳
呷哺呷哺（苏州街店）,海淀区海淀南路亿方大厦二层,小火锅,56.0,4.8,244,中关村
老门框爆肚涮肉（宝盛里店）,海淀区宝盛里观景园21号楼一层109,老北京火锅,118.0,4.4,83,清河
呷哺呷哺（光耀东方店）,海淀区羊坊店路18号光耀东方商场2层,小火锅,49.0,4.5,371,公主坟/万寿路
宽板凳老灶火锅（温泉中心店）,海淀区温泉镇白家疃尚品园1号楼107,重庆火锅,98.0,4.3,125,海淀区
呷哺呷哺（枫蓝国际店）,海淀区西直门北大街32号枫蓝国际购物中心3层,小火锅,50.0,4.5,380,北下关
牛吾牛·日式火锅（五道口购物中心店）,海淀区成府路28号五道口购物中心5层,日式火锅,90.0,4.5,10763,五道口
巴四老城区炭火蛙锅（领展购物广场•中关村店）,海淀区丹棱街甲1号领展购物广场•中关村5层503-501号,炭火锅,86.0,4.8,1255,中关村
葫芦娃牛板筋火锅（杏坛路店）,海淀区杏坛路北三环中路44号,火锅,63.0,4.7,9,牡丹园/北太平庄
小棠巷火锅（青棠湾店）,海淀区小牛房路青棠湾小区底商,火锅,80.0,4.7,7,海淀区
呷哺呷哺（翠微牡丹园店）,海淀区花园路2号翠微大厦牡丹园店三层,小火锅,57.0,4.5,382,牡丹园/北太平庄
呷哺呷哺（温泉中心店）,海淀区温泉镇温泉文化一层103号,小火锅,58.0,4.9,197,海淀区
马路边边串串香（杏石口店）,海淀区杏石口路80号A区1号楼1层109号,串串香,102.0,4.4,122,四季青
1516串串香（中关村店）,海淀区海淀区海淀通惠寺3号3号楼,串串香,93.0,4.8,459,中关村
金源福城肥牛火锅（远大路金源店）,海淀区远大路1号金源时代购物中心五层5-17号（公交站远大路东口站下）,牛羊肉火锅,83.0,4.4,13421,远大路
新辣道鱼火锅（领展购物广场·中关村店）,海淀区中关村丹棱街甲1号欧美汇购物中心F5-02,鱼火锅,94.0,4.5,3867,中关村
邮电会议中心阳坊大都涮肉,海淀区挂甲屯5号会议中心酒楼1楼,老北京火锅,56.0,4.5,3184,颐和园
攀成钢小郡肝串串香（五棵松华熙店）,海淀区复兴路华熙live中心C座地下一层（凯迪拉克中心东侧、中铁广场对面玻璃写字楼C座地下一层）,串串香,107.0,4.6,105,五棵松
宽板凳老灶火锅（清华同方店）,海淀区清华东路东王庄33号楼商铺,重庆火锅,95.0,4.3,48,五道口
寻山记铜瓢牛肉火锅,海淀区苏家坨镇北清路安河家园九里12号楼2层9-12-2-201-01,云南火锅,80.0,4.7,6,海淀区
呷哺呷哺（甘家口店）,海淀区甘家口商场六层,小火锅,48.0,4.6,490,甘家口百货
虾吃虾涮虾火锅（圣熙8号店）,海淀区学清路甲八号圣熙8号购物中心东侧,虾蟹火锅,63.0,4.3,3331,五道口
102蹄花火锅（北大南门店）,海淀区海淀路19-1号中成大厦1楼（近理想国际大厦）,四川火锅,73.0,4.6,239,中关村
呷哺呷哺（五道口东升大厦店）,海淀区中关村东路8号东升大厦AB座三层SA-V-3-2单元,小火锅,65.0,5.0,94,五道口
川椒缘火锅（白石桥店）,海淀区中关村南大街28号4号楼3层,重庆火锅,86.0,4.8,238,魏公村
呷哺呷哺（蓝色港湾购物中心店）,海淀区复兴路69号蓝色港湾购物中心北区B1层,小火锅,49.0,4.9,495,五棵松
呷哺呷哺（四道口乐天玛特店）,海淀区四道口乐天玛特一层,小火锅,56.0,4.5,314,北下关
大脑袋涮肉·清真（西客站店）,海淀区北蜂窝105号大天元饭店一层,老北京火锅,95.0,4.6,75,北京西站/六里桥
付小姐在成都（杏坛路店）,海淀区杏坛路与北三环中路交叉口南50米路东,串串香,78.0,4.7,383,牡丹园/北太平庄
葫芦娃一家人火锅（五道口店）,海淀区北京市海淀区成府路28号五道口购物中心4层,四川火锅,133.0,4.2,50,五道口
呷哺呷哺（金源新燕莎MALL店）,海淀区远大路1号金源新燕莎MALL北街东区4层,小火锅,57.0,4.8,404,远大路
正福居老北京涮肉（彰化路店）,海淀区彰化路33号一层中段及二层（近西单翅酷）,老北京火锅,69.0,4.6,1262,四季青
巴蜀王婆大虾（温泉店）,海淀区白家疃路,海鲜火锅,78.0,4.9,235,海淀区
葫芦花牛板筋火锅（西北旺店）,海淀区西北旺夏霖园（德政路和西北旺二街交叉口东北口）,四川火锅,54.0,5.0,80,西北旺
呷哺呷哺（中关村壹号店）,海淀区北清路81号院一区2号楼1层104室,小火锅,60.0,4.6,20,西北旺
宽板凳老灶火锅（永泰店）,海淀区后屯南路26号1-101-11,重庆火锅,102.0,4.2,219,清河
宽板凳老灶火锅（金源购物中心店）,海淀区蓝靛厂路人民大学附属小学银燕分校（发德宝集团对面）,重庆火锅,87.0,4.1,564,四季青
攀成钢小郡肝串串香（魏公村店）,海淀区魏公街16号（近北京外国语大学）,串串香,89.0,4.4,211,魏公村
葫芦花牛板筋火锅（五道口店）,海淀区北京市海淀区成府路蓝旗营134号南面－7号蓝旗营公交站南边10米,四川火锅,54.0,4.8,96,中关村
呷哺呷哺（主语国际店）,海淀区首体南路9号主语国际项目地下一层,小火锅,47.0,4.7,350,紫竹桥
葫芦娃一家人火锅（苏州街店）,海淀区苏州街29号（白家大院旁边四合院距地铁10号线苏州街站A西北口步行540米）,四川火锅,132.0,4.7,87,中关村
潮鼎香潮汕牛肉火锅（五棵松华熙LIVE hi-up店）,海淀区复兴路69号院2号华熙LIVEhi-up西区B1层096室,潮汕牛肉火锅,113.0,3.9,2904,五棵松
阳坊胜利涮羊肉（悦界店）,海淀区永润路悦界主题街区c2-205,老北京火锅,96.0,5.0,36,上庄
前后涮羊肉（紫竹桥店）,海淀区紫竹院路紫竹桥西青东商务区A座2层,老北京火锅,96.0,4.7,630,紫竹桥
杨家火锅（中关村店）,海淀区海淀南路4号楼16商铺（黄庄地铁口往西）,重庆火锅,97.0,4.4,169,中关村
杨家火锅（中关村店）,海淀区海淀南路4号楼16商铺（黄庄地铁口往西）,重庆火锅,97.0,4.4,169,中关村
东来顺饭庄（世纪金源购物中心店）,海淀区远大路1号世纪金源购物中心5楼05室,老北京火锅,118.0,3.8,8300,远大路
鑫方老鸭汤火锅•羊蝎子（知春路店）,海淀区知春路罗庄西里7号楼（南配楼）,羊蝎子火锅,49.0,4.8,2316,知春路
黄门老灶火锅（蓝靛厂店）,海淀区蓝靛厂路1号17号楼（蓝靛厂路和蓝靛厂中路交叉口西50米路北）,重庆火锅,105.0,4.6,1523,四季青
呷哺呷哺（万柳华联店）,海淀区巴沟路2号BHGMAII华联万柳购物中心B1层,小火锅,56.0,4.9,211,万柳
阳坊大都涮羊肉（定慧寺店）,海淀区阜成路定慧北里23号蓝宏中心东侧（三样菜东侧）,老北京火锅,80.0,4.8,1839,五棵松
草原香（香山店）,海淀区香山一棵松路2号（近西郊线香山站）,老北京火锅,80.0,4.8,3922,香山/植物园
金山蒙古传统涮（双榆树店）,海淀区海淀区双榆树青年公寓底商（近双安商场）,炭火锅,107.0,4.4,3,双榆树
海底捞火锅（清河万象汇店）,海淀区清河中街66号院1号楼清河万象汇东区6层,四川火锅,114.0,4.8,46,清河
小龙坎老火锅（清河店）,海淀区清河中街清河嘉园东区甲1号楼301室,四川火锅,102.0,4.6,130,清河
吉龍吉鳳·火锅（六道口店）,海淀区学清路41号裕京大厦底层（7天连锁酒店旁边）,四川火锅,103.0,4.6,324,五道口
朝天門重庆老火锅（羊蝎子）（北坞嘉园店）,海淀区四季青镇茶棚路北坞嘉园A地块27号楼配套公建B-2,重庆火锅,110.0,4.3,30,颐和园
蜀宗签味串串香（家合居）,海淀区聂各庄路王婆大虾旁边,串串香,63.0,4.8,12,海淀区
唇辣号重庆老火锅（天秀店）,海淀区天秀路9-5号悦动全民健身南侧,重庆火锅,96.0,4.5,1905,颐和园
京都蝎府羊蝎子火锅（农大店）,海淀区圆明园西路2号（农大南路西口东走200米路北，御京香对面）,羊蝎子火锅,65.0,4.8,6973,农业大学西区
重庆地瓜老火锅（田村店）,海淀区田村路43号京粮广场2层,重庆火锅,88.0,4.6,793,田村
重庆赵家院子佬火锅（北京总店）,海淀区彰化路33号一层东段（客串吧旁边）,重庆火锅,109.0,4.1,122,四季青
鑫方老鸭汤火锅•羊蝎子（六道口店）,海淀区清华东路25号六所大厦三层,羊蝎子火锅,57.0,4.6,4051,五道口
西部马华火锅（双安店）,海淀区北三环西路34号（近双安商场）,牛羊肉火锅,58.0,4.4,716,双榆树
湊湊火锅·茶憩（龙湖星悦荟店）,海淀区天湖街4号线西苑地铁站C2出口后街,火锅,106.0,4.3,121,颐和园
鱼豆吉·豆浆鱼火锅（大慧寺店）,海淀区大慧寺路与大柳树路交叉口西北角,鱼火锅,65.0,4.6,1873,北下关
京北仙火锅（用友软件园店）,海淀区北清路用友软件园北区17号楼1层01室,重庆火锅,111.0,4.5,89,西北旺
喵十三串串香（知春路店）,海淀区罗庄东路10号,串串香,60.0,4.4,1665,牡丹园/北太平庄
新辣道鱼火锅（世纪金源店）,海淀区远大路1号世纪金源购物中心5层东段E7-E9电梯之间,鱼火锅,95.0,4.6,2514,远大路
摸错门牛肚火锅 （双安店）,海淀区北三环西路甲30号双天大厦2层（近双安商场东侧）,四川火锅,73.0,4.5,814,双榆树
额尔敦传统涮（北影店）,海淀区杏坛路40号B座3层,老北京火锅,107.0,4.5,319,牡丹园/北太平庄
呷哺呷哺（定慧桥家乐福店）,海淀区定慧北桥东南角，家乐福一层（五孔桥附近）,小火锅,52.0,4.8,398,五棵松
大龙燚火锅（中关村环保园店）,海淀区紫雀路中关村环保示范园55号楼二层,川味火锅,121.0,4.5,52,海淀区
小木船潮汕牛肉火锅（西二旗店）,海淀区西二旗大街39号1层39-7-118室,潮汕牛肉火锅,0.0,4.3,58,上地
海底捞火锅（龙旗广场店）,昌平区黄平路19号院龙旗购物中心3层F3-006、F3-020号商铺,四川火锅,114.0,4.6,75,西三旗
小牛海记潮汕牛肉店牡丹园店,海淀区花园东路2号中城写字楼2层,潮汕牛肉火锅,92.0,4.4,8105,牡丹园/北太平庄
月半孃孃煮烤馆（五道口店）,海淀区五道口成府路29号院国际食尚苑一层（帝玛超市旁）,融合烤肉,98.0,4.7,156,五道口
大脑袋涮肉烧烤·清真（莲花桥店）,海淀区华宝东路莲花池西里26号院1号楼1层106,老北京火锅,71.0,4.7,35,公主坟/万寿路
满铁老北京铜锅涮肉（中关村店）,海淀区中关村南路中关村保福寺桥81号,老北京火锅,95.0,4.5,77,中关村
辣爷重庆老火锅（唐家岭店）,海淀区西北旺镇唐家岭新城6号商业楼一层109室、二层209室,重庆火锅,120.0,4.2,45,西北旺
呷哺呷哺（龙旗广场店）,昌平区黄平路19号院龙旗广场3楼,小火锅,58.0,4.6,355,西三旗
那年约火锅·串吧（万寿路店）,海淀区万寿路东街18号院南门对面（凯德晶品后街）,重庆火锅,82.0,4.1,169,公主坟/万寿路
尚尚仙•猪肚鸡火锅（肖家河华联店）,海淀区龙背村路99号院1号楼二层F2-31,猪肚鸡火锅,104.0,4.6,112,颐和园
呷哺呷哺（莲花桥悦邻广场店）,丰台区吴家场路1号悦邻百姓生活服务广场一层,小火锅,56.0,4.9,205,公主坟/万寿路
呷哺呷哺（肖家河华联店）,海淀区龙背村路99号院华联商厦B1层,小火锅,56.0,4.9,291,颐和园
呷哺呷哺（西三旗新都店）,海淀区建材城中路6号新都购物广场1层,小火锅,49.0,4.8,289,西三旗
额尔敦传统涮（中关村店）,海淀区中关村大街甲38号燕山大酒店一楼,特色火锅,127.0,4.6,89,双榆树
尚尚仙·猪肚鸡火锅（华联万柳购物中心店）,海淀区巴沟路2号华联万柳购物中心5层,猪肚鸡火锅,105.0,4.6,193,万柳
蜀香龙门川味火锅（四道口旗舰店）,海淀区学院南路50号哇沃生活广场2层（明光桥西500米）,川味火锅,107.0,4.7,182,北下关
汕头八合里海记牛肉店（牡丹园店）,海淀区花园路F2号1层102室,潮汕牛肉火锅,125.0,4.6,217,牡丹园/北太平庄
辣池老灶火锅串吧●枣庄辣子鸡,海淀区西客站北广场北京铁道大厦斜对面乡土人家店后,重庆火锅,70.0,4.6,2919,北京西站/军博
老皇城重庆火锅（香山店）,海淀区海淀区闵庄路门头村京香花园216号文军阁鱼头馆三楼老皇城重庆火锅,重庆火锅,105.0,4.5,31,香山/植物园
有范儿串串香火锅（五道口店）,海淀区展春园西路2号蓟鑫大厦内南侧一层拐角处（五道口新东方对面）,串串香,80.0,4.7,2805,五道口
前后涮羊肉·京味火锅（北京荣耀店）,海淀区二里庄志新路16-7号,老北京火锅,110.0,5.0,35,五道口
唇辣号重庆老火锅（双榆树店）,海淀区双榆树北路知春里九号楼东侧,重庆火锅,96.0,4.5,288,双榆树
京北仙火锅（唐家岭店）,海淀区友谊路唐家岭村T08-10号底商北3号,火锅,90.0,4.6,229,西北旺
呷哺呷哺（学清路美廉美店）,海淀区学清路甲8号圣熙8号购物中心1层底商,小火锅,46.0,4.3,504,五道口
望京小腰（安宁庄店）,海淀区安宁庄后街2号3栋111室餐行者美食广场,烧烤,74.0,4.6,778,西三旗
马路边边串串香（六道口店）,海淀区学清路圣熙8号购物中心2号楼1层1号,串串香,100.0,4.3,65,五道口
月盛斋（西直门店）,海淀区交大东路62号,老北京火锅,75.0,4.3,41,北下关
北京王记老汤羊蝎子火锅（龙旗广场店）,昌平区黄平路19号,羊蝎子火锅,78.0,4.8,436,西三旗
阳坊大都涮肉（邯钢宾馆店）,海淀区西三环中路邯钢大厦B1层（赵都食府旁边）,老北京火锅,100.0,4.9,717,公主坟/万寿路
攀成钢小郡肝串串香（海淀金源店）,海淀区蓝靛厂东路金源时代商务中心B座2号楼1A（漫咖啡旁边）,串串香,111.0,4.3,120,远大路
呷哺呷哺（中科贸物美店）,海淀区中关村大街18号科贸电子城地下一层物美超市B-01,小火锅,55.0,5.0,275,中关村
大得涮肉（紫竹桥店）,海淀区紫竹桥东北角广源闸路广源大厦北侧派出所对面,老北京火锅,118.0,4.4,115,紫竹桥
新辣道鱼火锅（印象城店）,海淀区翠微路12号印象城4层,鱼火锅,108.0,4.9,64,公主坟/万寿路
葫芦娃一家人火锅（世纪金源店）,海淀区远大路1号世纪金源购物中心五层西区531A号（远大路北）,四川火锅,115.0,4.3,66,远大路
老门框爆肚涮肉（花园路店）,海淀区花园路F2号一层东侧（北京农商银行旁）,老北京火锅,105.0,4.1,79,牡丹园/北太平庄
一品居涮肉坊（北蜂窝路店）,海淀区北蜂窝路乙15号平房,老北京火锅,76.0,4.7,1005,公主坟/万寿路
一品居涮肉坊（北蜂窝路店）,海淀区北蜂窝路乙15号平房,老北京火锅,76.0,4.7,1005,公主坟/万寿路
呷哺呷哺（金四季店）,海淀区西四环北路金四季购物广场三层欧尚超市旁（四季青桥西南角）,小火锅,57.0,4.9,501,四季青
老萬寿火锅,海淀区万寿路甲12号,老北京火锅,100.0,5.0,118,公主坟/万寿路
老门框爆肚涮肉（花园路店）,海淀区花园路F2号一层东侧（北京农商银行旁）,老北京火锅,105.0,4.1,79,牡丹园/北太平庄
呷哺呷哺（新龙店）,昌平区回龙观建材城西路新龙大厦2号B座一层（上奥世纪）,小火锅,49.0,4.5,281,清河
八一后院北门铜锅涮肉,海淀区麒麟雅苑(苏州街店)29号,老北京火锅,90.0,4.3,15,中关村
熊成猫串串锅（交大店）,海淀区高粱桥斜街3号（交大西门对面）,串串香,77.0,4.7,237,北下关
巴蜀王婆大虾（文慧园店）,海淀区文慧园北路3号,虾蟹火锅,75.0,4.7,254,北下关
行运打边炉（五棵松店）,海淀区复兴路69号华熙LIVE五棵松hi-up内（G089）,港式火锅,244.0,4.5,92,五棵松
马路边边串串香（魏公村荣耀店）,海淀区魏公街8号韦伯豪家园东南1门对面（近中央民族大学，北京外国语大学，北京理工大学）,串串香,99.0,4.3,222,魏公村
汕头八合里海记牛肉店（玲珑路店）,海淀区八里庄玲珑路恩济西园10号楼东1门（五路居地铁站）,潮汕牛肉火锅,113.0,4.5,2190,四季青
新辣道鱼火锅（华宇购物中心店）,海淀区北三环联想桥华宇购物中心四层,鱼火锅,84.0,4.6,3227,魏公村
朴氏私家火锅（西二旗店）,海淀区西二旗大街39号楼一层39-4-3,四川火锅,98.0,4.5,22,上地
義公子冰煮羊火锅（五道口店）,海淀区成府路29号五道口国际食尚苑A区三层（椒鸣椒麻旁边）,牛羊肉火锅,144.0,4.5,85,五道口
草原羊呼伦贝尔铜锅涮肉,海淀区黑山扈路105号,牛羊肉火锅,112.0,4.9,1,百望山森林公园/309医院
蜀签串串香（温泉店）,海淀区温泉镇温泉路临58号4层409号,串串香,69.0,4.6,399,海淀区
川西坝子古月火锅,海淀区中关村创客小镇,四川火锅,73.0,4.8,18,海淀区
呷哺呷哺（翠微店）,海淀区复兴路33号翠微百货5层,小火锅,54.0,4.3,500,公主坟/万寿路
惠丰堂铜锅涮肉（翠微店）,海淀区复兴路公主坟翠微百货北门（邮政储蓄银行斜对面）,老北京火锅,107.0,4.4,91,公主坟/万寿路
榕湖餐厅老廣火锅（苏州街店）,海淀区长远天地A2座院内,特色火锅,106.0,4.9,4,苏州桥
味鲜赋相府火锅,海淀区前屯路速8酒店西130米,鱼火锅,63.0,5.0,32,西三旗
九宫格重庆老火锅（五道口店）,海淀区双清路88号华源世纪商务楼b1层102室（华源世纪商务楼东侧）,重庆火锅,92.0,4.4,139,五道口
六婆串串香火锅（圣熙八号店）,海淀区学清路甲8号商业广场2号楼一层6号-2（圣熙8号购物中心东侧）,串串香,57.0,4.5,2719,五道口
沸腾鱼乡（知春路店）,海淀区知春路17号（近大运村南门）,川菜,124.0,4.5,333,知春路
川寨火锅（永定路店）,海淀区永定路解放军总医院第三医学中心北行第一家,重庆火锅,99.0,4.1,9,五棵松
付小姐在成都（五道口店）,海淀区成府路29号,串串香,76.0,4.7,464,五道口
蜀娃子火锅（苏家坨店）,海淀区前沙涧7号院旁（908前沙涧村站）,川味火锅,60.0,4.3,0,海淀区
董大爷涮肉（茉莉园店）,海淀区西北旺四街,老北京火锅,97.0,4.3,1530,西北旺
桐记小灶儿牛板筋火锅（北大西门店）,海淀区颐和园路8号 畅春园食街内街110号,火锅,96.0,4.4,57,颐和园
虾吃虾涮（安宁庄店）,海淀区安宁庄东路72号（安宁庄东路南口公交站旁）,虾蟹火锅,76.0,4.9,560,清河
南门涮肉（北洼路店）,海淀区北洼路东街28号（近三石日本料理）,老北京火锅,104.0,4.5,8,紫竹桥
竹叶涮肉坊（花园路店）,海淀区北三环中路67号20号楼北侧一层至三层,老北京火锅,98.0,4.8,15,牡丹园/北太平庄
唇辣号重庆老火锅（马连洼店）,海淀区马连洼北路8号万霖科技大厦C座106号,重庆火锅,104.0,4.2,59,上地
四川仁火锅（新兴桥店）,海淀区西三环中路16-6号,四川火锅,89.0,4.5,3920,公主坟/万寿路
111号打邊爐（苏州街店）,海淀区苏州街29号45号楼一层部分二层,港式火锅,113.0,4.7,118,中关村
新辣道鱼火锅（万柳店）,海淀区巴沟路2号BHG Mall北京华联万柳购物中心5楼,鱼火锅,89.0,4.7,2311,苏州桥
宫府重庆老火锅,海淀区上庄镇上庄村上庄路上庄南口车站旁,重庆火锅,95.0,3.8,76,上庄
呷哺呷哺（清河物美店）,海淀区清河物美超市一层,小火锅,56.0,4.6,321,清河
马路边边串串香（温泉店）,海淀区温泉路白家疃尚品园1号楼1层115号底商,串串香,89.0,4.1,39,海淀区
呷哺呷哺（清河小营通厦店）,海淀区悦秀路99号，通厦公元99一层,小火锅,55.0,4.6,192,清河
呷哺呷哺（中关村家乐福店）,海淀区中关村家乐福地下一层,小火锅,49.0,4.8,356,中关村
攀成钢小郡肝串串香（航天桥店）,海淀区西三环北路88号航天桥东北角地下一层（电信营业厅右侧进口下楼）,串串香,90.0,4.6,126,航天桥
老诚一锅羊蝎子·烧烤（公主坟店）,海淀区翠微路12号（印象城三层）,羊蝎子火锅,96.0,4.7,665,公主坟/万寿路
老诚一锅羊蝎子火锅（五棵松店）,海淀区金沟河东路9号（育英小学北门对面）,羊蝎子火锅,80.0,4.6,461,五棵松
张记涮肉（北洼西街店）,海淀区北洼西街北洼西里甲11号,老北京火锅,88.0,4.6,4959,紫竹桥
滇草香云南原生态汤火锅（华联万柳店）,海淀区巴沟路2号BHGMAII华联万柳购物中心5层,云南火锅,100.0,4.3,1056,苏州桥
宽板凳老灶火锅（五棵松蓝色港湾店）,海淀区复兴路69号蓝色港湾购物中心东区B1层（老西安饭庄旁）,重庆火锅,94.0,4.5,138,五棵松
呷哺呷哺（悦茂购物中心店）,海淀区营福路悦茂购物中心3楼03、04号商铺,小火锅,58.0,4.5,151,清河
111号打邊爐（杏坛路店）,海淀区杏坛路44号10号楼底商三层(从快乐柠檬上三层),港式火锅,108.0,4.8,33,牡丹园/北太平庄
大得涮肉（牡丹园店）,海淀区龙翔路17号（鸿翔大酒店旁边）,老北京火锅,123.0,4.4,282,牡丹园/北太平庄
川兴铜锅涮肉（西直门店）,海淀区文慧园斜街老北京炸鸡隔壁,老北京火锅,83.0,4.8,18,北下关
大汉自助火锅烤肉,海淀区增光路美廉美超市二层,自助烧烤,54.0,3.5,2017,航天桥
滇草香云南原生态汤火锅（凯德晶品店）,海淀区凯德晶品购物中心三层,云南火锅,98.0,4.4,21,公主坟/万寿路
芦月轩羊蝎子（北蜂窝店）,海淀区北蜂窝路甲2号（北京市铁路局西门南侧会城门邮局对面）,羊蝎子火锅,68.0,4.7,4382,公主坟/万寿路
马路边边串串香（荣耀上地店）,海淀区信息路30号上地大厦底商,串串香,100.0,4.0,61,上地
阳坊大都涮羊肉清河店（清河店）,海淀区清河一街60号（强佑新城斜对面）,老北京火锅,88.0,4.5,2325,清河
阳坊大都涮羊肉羊蝎子（西二旗店）,海淀区西二旗大街39号,老北京火锅,112.0,4.6,34,上地
京都蝎府羊蝎子火锅（紫竹桥店）,海淀区紫竹院路82号,羊蝎子火锅,68.0,4.7,4427,紫竹桥
真诚一锅·羊蝎子（莲花桥店）,丰台区吴家场路盛今佳园1号院4号楼底商餐饮街,羊蝎子火锅,75.0,4.6,479,公主坟/万寿路
帅帅小火锅,海淀区昌平路895号1-8京藏高速尚艺墅KTV隔壁,小火锅,88.0,3.7,3,清河
舊城小院串串香,海淀区上庄路海淀·嘉郡17号楼1层104,串串香,83.0,4.8,22,上庄
师姐家•虾火锅（北京店）,海淀区学院南路33号康福瑞假日酒店底商由南向北第一家(原始泥炉烤肉隔壁近13号线下）,虾蟹火锅,69.0,4.7,140,北下关
漫食代火锅（西翠路店）,海淀区朱各庄路瑞成大酒店对面,四川火锅,58.0,4.2,422,五棵松
義公馆海鲜牛肉火锅（魏公村店）,海淀区魏公街16号,海鲜火锅,400.0,4.6,412,魏公村
师姐家•虾火锅（北京店）,海淀区学院南路33号康福瑞假日酒店底商由南向北第一家(原始泥炉烤肉隔壁近13号线下）,虾蟹火锅,69.0,4.7,140,北下关
漫食代火锅（西翠路店）,海淀区朱各庄路瑞成大酒店对面,四川火锅,58.0,4.2,422,五棵松
深夜在成都•串串香,海淀区成府路华清嘉园1号楼底商（13号线五道口地铁站B出口向西20米链家旁）,串串香,65.0,4.6,774,五道口
常赢三兄弟涮肉（西直门店）,海淀区西直门北大街41号院 天兆家园1号楼3层,老北京火锅,110.0,4.7,36,北下关
集渔·泰式海鲜自助火锅（五道口直营店）,海淀区成府路28号五道口购物中心6层02号,自助火锅,163.0,4.2,62,五道口
铜锅涮肉（安和桥物美店）,海淀区龙背村路101号物美超市入口处,老北京火锅,88.0,4.5,5,农业大学西区
呷哺呷哺（双榆树）,海淀区双榆树小区邮局南侧路1号等6幢项目的2层,小火锅,56.0,4.6,194,双榆树
椒麻故事·铜炉蛙锅·川味烤鱼（金澳国际店）,海淀区海淀区马甸东路19号金澳国际一层139号,炭火锅,90.0,4.9,55,牡丹园/北太平庄
京都蝎府羊蝎子火锅（健德门店）,海淀区北土城西路祁家豁子甲2号一层西侧,羊蝎子火锅,94.0,4.6,306,牡丹园/北太平庄
鑫方老鸭汤火锅•羊蝎子（大运村店）,海淀区北京市海淀区知春路29号7-10楼二层1-11轴（知春路站F口出100米）,砂锅火锅,107.0,4.9,81,知春路
轻机厂小郡肝串串香（五路居店）,海淀区玲珑路恩济西园10号楼底商（五路居地铁C口出向东240米路南）,串串香,92.0,4.7,289,四季青
辣圈,海淀区冷泉林语山庄二区14号楼1层113,四川火锅,70.0,4.3,0,海淀区
鱼木奇缘喷泉瀑布火锅,海淀区中关村南一街7号,鱼火锅,80.0,4.7,88,中关村
鼎牛牛炖锅（温泉路店）,海淀区温泉镇温泉路67号院1号楼1层105号,特色火锅,120.0,4.6,5,海淀区
芦月轩羊蝎子（新西三旗店）,海淀区悦秀路99号通厦公元99二楼,羊蝎子火锅,80.0,4.9,129,清河
上河桥头鱼火锅,海淀区田村路永定路乐府商务大厦2层（大鸭梨入口电梯上2楼）,鱼火锅,90.0,4.7,102,四季青
四品府涮肉羊蝎子（建西苑店）,海淀区八角东街建西苑西1门旁,火锅,75.0,4.5,221,古城/八角
虾吃虾涮虾火锅（田村店）,海淀区田村路23号长荣酒店西侧,虾蟹火锅,66.0,4.4,1608,四季青
顺祥老铜锅,海淀区植物园西门对面,炭火锅,70.0,4.4,489,香山/植物园
旺打边炉（枫蓝国际购物中心店）,海淀区西直门北大街32号枫蓝国际购物中心2层,港式火锅,100.0,4.7,37,北下关
虾吃虾涮（上地华联店）,海淀区上地西路宏达花园广场北起第一家。（上地华联西北方向约150米）,虾蟹火锅,84.0,4.4,1555,上地
原味火锅（恩济大厦店）,海淀区亮甲店130号恩济大厦一层（西四环定慧北桥下家乐福超市向东300米，老家肉饼东侧）,特色火锅,74.0,4.4,272,四季青
老北京涮肉,海淀区金沟河路17号院,老北京火锅,102.0,4.4,0,五棵松
新辣道鱼火锅（上地店）,海淀区农大南路北京华联商厦上地购物中心四层F4-14,鱼火锅,96.0,4.6,3008,上地
行运打边炉（金源店）,海淀区远大路世纪金源购物中心五层5012号,港式火锅,238.0,4.4,75,远大路
北飘香涮肉（清华南路店）,海淀区清华南路1号（近清华大学）,老北京火锅,108.0,4.5,2,五道口
呷哺呷哺（东升科技园店）,海淀区后屯路东升科技园商业街1层,小火锅,62.0,4.7,49,清河
呷哺呷哺（永丰悦界商街店）,海淀区永丰路永丰大悦城悦界商街F2-C3-201、202号商铺,小火锅,0.0,4.9,0,上庄
呷哺呷哺（中关村产业园店）,海淀区昆明湖南路51号F座12号（板井路金源大饭店对面）,小火锅,60.0,4.9,203,四季青
老城一锅·羊蝎子火锅·烧烤（五道口店）,海淀区成府路五道口食尚苑三层（椒鸣椒麻小馆对面，近义公子冰煮羊）,羊蝎子火锅,87.0,4.5,353,五道口
海底捞火锅外送（学院路店）,海淀区学清路甲8号商业广场2号楼一层6号-3房间（东升地区）,四川火锅,137.0,4.7,0,五道口
竹园村大酒店（五棵松店）,海淀区北太平路16号（采石路北口）,火锅,82.0,4.4,1506,五棵松
海底捞火锅外送（学院路店）,海淀区学清路甲8号商业广场2号楼一层6号-3房间（东升地区）,四川火锅,137.0,4.7,0,五道口
鲜牛时尚潮汕牛肉火锅（知春路店）,海淀区海淀区大钟寺东路太阳园13号楼1层103（东升地区）,潮汕牛肉火锅,113.0,4.2,317,双榆树
芦月轩羊蝎子（新西三旗店）,海淀区悦秀路99号通厦公元99二楼,羊蝎子火锅,80.0,4.9,129,清河
味满禄涮肉（明光桥店）,海淀区海淀区北下关文慧桥西15号,川味火锅,97.0,4.8,22,北下关
小渝府的串（北下关店）,海淀区学院南路51号3号楼一层,串串香,69.0,4.6,1510,北下关
新辣道鱼火锅（肖家河店）,海淀区龙背村路龙背村路99号院1号楼华联二层（近地铁4号线安河桥北站）,鱼火锅,84.0,4.6,2168,颐和园
华惠琪餐厅,海淀区香山北辛村38号,火锅,48.0,4.4,1,香山/植物园
串串香（海淀悦界店）,海淀区永润路18号院悦界主题街区B1,串串香,70.0,4.6,8,上庄
111号打邊爐（中关村店）,海淀区中关村东路111号16幢1层-7,港式火锅,108.0,4.7,395,中关村
千牛刀·霸气牛肉锅（玲珑路店）,海淀区八里庄恩济西园,牛羊肉火锅,116.0,4.9,41,四季青
马路边边麻辣烫串串香（荣耀北京总店）,海淀区苏州街29号,串串香,98.0,4.5,458,中关村
老诚一锅羊蝎子·烧烤（四道口店）,海淀区四道口路2号院1号楼1层89号,羊蝎子火锅,84.0,4.6,92,北下关
晴川·围炉小馆,海淀区北土城西路103号西4号平房,港式火锅,65.0,4.7,155,牡丹园/北太平庄
虾吃虾涮（中发百旺商城店）,海淀区圆明园西路18号中发百旺商城F5层,虾蟹火锅,74.0,4.3,6073,上地
醒狮浓汤猪软骨火锅（领展购物中心·中关村店）,海淀区丹棱街甲1号地下一层-101-14单元,港式火锅,129.0,4.6,96,中关村
马路边边串串香（西三旗荣耀店）,海淀区黑泉路兴美大厦底商一层,串串香,96.0,4.2,85,清河
马路边边串串香（健德门荣耀店）,海淀区北土城西路105号（近地铁健德门A出口）,串串香,101.0,4.4,101,牡丹园/北太平庄
椰思椰子鸡养生火锅上地店,海淀区马连洼北路8号C座一层107,特色火锅,120.0,4.3,109,上地
虾吃虾涮虾火锅（琪聚店）,海淀区丰润中路颐丰庄园C区底商,虾蟹火锅,73.0,4.1,147,西北旺
巴蜀王婆大虾（五路居店）,海淀区玲珑路恩济西园北门,虾蟹火锅,78.0,4.8,1452,四季青
玉林串串香（温泉店）,海淀区温泉镇白家瞳东口尚峰尚水D区105底商,串串香,74.0,4.6,89,海淀区
墘海记打边炉（四道口店）,海淀区学院南路50号哇沃生活广场一层,港式火锅,153.0,4.6,38,北下关
惠丰堂铜锅涮肉（万泉庄店）,海淀区万泉庄路15号（超市发二层）,老北京火锅,88.0,4.2,2,万柳
川兴铜锅涮肉（金沟河店）,海淀区金沟河路15号,老北京火锅,87.0,4.7,41,五棵松
京小灶大盘涮肉,海淀区采石北路金沟河路19号万城大厦一层西北角底商,老北京火锅,90.0,3.8,12,五棵松
陈阿婆·酸菜鱼丸火锅,海淀区永定路88-8号,小火锅,51.0,4.3,32,五棵松
老诚一锅（西三旗店）,海淀区西三旗东路西小口地铁站北侧600米（速8酒店旁）,羊蝎子火锅,68.0,4.2,4364,清河
阿丽椰子鸡火锅（西点茂店）,海淀区永定路88号西点茂三层,特色火锅,100.0,3.9,24,五棵松
黔味酸汤鱼·川湘菜（六道口店）,海淀区清华东路六所大厦B座一楼（近六道口地铁站A2出口，六所大厦东门进）,鱼火锅,85.0,4.5,44,五道口
小渝府串串香（二里庄店）,海淀区志新路16号15楼1层,串串香,67.0,4.7,270,五道口
马路边边串串香（交大店）,海淀区交通大学路7号（临近动物园，交通大学，四道口，凯德）,串串香,99.0,4.6,237,北下关
健鼎清真羊蝎子火锅城,海淀区大钟寺东路金五星服装家居商场旁边（联想桥金五星）,羊蝎子火锅,73.0,3.9,124,双榆树
玉林串串香（印象城店）,海淀区翠微路12号印象城负一楼-101-01A,串串香,56.0,4.3,1127,公主坟/万寿路
Pickme火锅杯（上地街店）,海淀区上地信息产业基地开拓路1号-1层118,麻辣烫,0.0,4.2,0,上地
重庆鸡公煲（大钟寺店）,海淀区北三环西路甲18号中鼎大厦A座-101,川味火锅,0.0,4.1,0,北下关
夜焰串吧,海淀区王庄路东王庄33号楼二层8号,烤串,77.0,4.8,12,五道口
嘻鱼町酸菜小鱼（五道口店）,海淀区华源世纪商务楼双清路88号星选闪电厨房11号,酸菜鱼/水煮鱼,40.0,4.0,0,五道口
313羊庄·铁锅烀羊肉（四季青店）,海淀区四季青曙光街道彰化路西荣阁酒店109号商铺,牛羊肉火锅,133.0,4.3,58,四季青
锅圈食汇火锅烧烤食材超市（同泽园店）,海淀区苏家坨镇前沙涧同泽园西里10号底商,生鲜,0.0,0.0,0,海淀区
胖孃孃火锅杯小食店,海淀区羊坊店路东18号光耀东方广场一层,小吃快餐,0.0,3.6,0,北京西站/六里桥
海鲤捞,海淀区学院南路74号（农科院南门往东200左右路南超市发对面）,火锅,52.0,3.8,0,魏公村
绿叶家常菜（百旺店）,海淀区百旺家苑底商对面，中国银行西侧（近润千秋佳苑，黑山扈路）,火锅,52.0,3.8,0,上地
花聚（西二旗店）,海淀区西二旗西路智学苑商服楼内,港式火锅,672.0,4.4,1,上地
小城渔家·活鱼现烤（世纪金源购物中心店）,海淀区远大路1号金源时代购物中心5层,烤鱼,86.0,4.5,551,远大路
火重天,海淀区知春路北京航空航天大学校园东路篮球场东南,串串香,49.0,3.8,0,知春路
胖鸽子烧烤（五棵松店）,海淀区采石北路万城大厦,烤串,90.0,3.7,3,五棵松
恒都牛肉,海淀区信息路22号B座7层7010室,牛羊肉火锅,0.0,4.1,0,上地
椰思·椰子鸡养生火锅北清路店,海淀区丰豪东路9号院2号楼4单元101,特色火锅,133.0,4.5,214,西北旺
公寓二层餐厅,海淀区清华东路68号中国农业大学学生公寓二层,火锅,50.0,4.2,0,五道口
冰缘情串串香,海淀区学院路航空航天大学校园内（篮球场，足球场南侧）,串串香,37.0,4.0,5,五道口
蜀香园羊蝎子火锅,海淀区韩家川西街6号（友印像图文广告旁）,快餐简餐,30.0,3.9,0,百望山森林公园/309医院
缜草香云南火锅,海淀区复兴路凯德晶品购物中心,火锅,0.0,0.0,0,公主坟/万寿路
麻门匠骨秘制羊棒骨（苏州桥店）,海淀区万泉河路68号紫金庄园9号楼（城乡仓储大超市对面，人大西门往南200米）,特色火锅,82.0,4.7,72,苏州桥
吉利骨头庄,海淀区圆明园西路100号萧家河桥东,羊蝎子火锅,89.0,4.0,3,上地
谷味轩老烧鱼,海淀区海淀区上地辉煌国际甲9号,鱼火锅,23.0,3.5,0,上地
铁锅柴骨头锅石锅鱼（佟家坟专营店）,海淀区四季青杏石口路蓝天双语幼儿园东50米,鱼火锅,0.0,3.0,0,田村
芊語鮮尋,海淀区马连洼,日式火锅,0.0,3.8,0,上地
马路边边串串香（六道口店）,海淀区学清路圣熙8号购物中心2号楼1层1号,串串香,100.0,4.3,65,五道口
玩儿串串（上地华联店）,海淀区农大南路1号院1号楼-1层B101B1-25A号,串串香,34.0,3.7,0,上地
南平庄小天府汤锅鱼,海淀区四季青南平庄（近杏石口路）,火锅,0.0,3.9,0,田村
师姐家•虾火锅（北京店）,海淀区学院南路33号康福瑞假日酒店底商由南向北第一家(原始泥炉烤肉隔壁近13号线下）,虾蟹火锅,69.0,4.7,140,北下关
摸错门牛肚火锅 （双安店）,海淀区北三环西路甲30号双天大厦2层（近双安商场东侧）,四川火锅,73.0,4.5,814,双榆树
木叶村日本料理,海淀区魏公街12号（韦伯豪小区正门对面）,日本料理,93.0,4.6,480,魏公村
金源福城肥牛火锅（远大路金源店）,海淀区远大路1号金源时代购物中心五层5-17号（公交站远大路东口站下）,牛羊肉火锅,83.0,4.4,13421,远大路
前后涮羊肉（志新东路店）,海淀区志新东路14-2号,老北京火锅,106.0,4.5,373,五道口
关二涮肉（小西天店）,海淀区学院南路14-16号1幢1层（北京师范大学南门200米路南）,老北京火锅,88.0,4.5,61,北下关
马路边边串串香（清河荣耀店）,海淀区安宁庄东路72号,串串香,103.0,4.2,24,清河
花聚（北清路店）,海淀区丰秀东路9号院11号楼一层商铺（首创天阅西山南门）,港式火锅,0.0,4.3,0,西北旺
牛街李记热力涮肉,海淀区蓟门里小区,老北京火锅,63.0,4.2,7,牡丹园/北太平庄
穆禾家清真时尚转转小火锅,海淀区花园东路与小关西后街交叉路口东行40米路南,小火锅,33.0,4.5,4309,牡丹园/北太平庄
关二涮肉（皂君庙店）,海淀区学院南路皂君庙斜街交叉口西北角,老北京火锅,101.0,4.6,257,北下关
喵哆哆串串香（温泉镇店）,海淀区温泉镇温泉路67号院1号楼一层116号,串串香,73.0,4.6,36,海淀区
京羯一锅·羊蝎子锅·烧烤,海淀区皂君庙14号拐弯处,羊蝎子火锅,0.0,4.2,0,大钟寺
阳坊大都涮羊肉（梅园店）,海淀区圆明园西路梅园小区（百旺商城对面）,老北京火锅,119.0,3.7,0,颐和园
金老师涮肉牛肉面,海淀区益园文化创意产业基地65号院,老北京火锅,80.0,4.5,12,四季青
喵十三串串香（印象城店）,海淀区翠微路12号印象城购物中心4层,串串香,0.0,0.0,0,公主坟/万寿路
神洲四海海鲜大酒楼（四道口店）,海淀区四道口路2号京果商厦A座3层（近乐天玛特超市）,海鲜火锅,287.0,4.4,23,北下关
山乡涮烤坊（西山林语店）,海淀区林语山庄路冷泉林语山庄二区14-101,烧烤,69.0,4.3,158,海淀区
筋牛座带筋牛肉香锅（京粮广场店）,海淀区田村路43号环京现代物流设施项目一段一层A-1F-017,干锅/香锅,53.0,4.7,337,田村
北京交通大学学苑餐厅,海淀区上园村3号北京交通大学内（近交大东路）,火锅,12.0,4.3,0,北下关
小巷味道,海淀区西直门外高梁桥路甲25号7幢平房,家常菜,50.0,4.4,1,北下关
阳坊大都涮羊肉（尚品园店）,海淀区温泉镇白家疃路北白家疃尚品园,老北京火锅,110.0,4.0,1,海淀区
一品焖锅（北京华联农大南路店）,海淀区上地农大南路华联商厦四层（北京市海淀区农大南路1号院1号楼4层F4-09B号）,焖锅,80.0,4.5,505,上地
欢乐牧场海鲜烤肉自助（牡丹园店）,海淀区花园东路甲32号仰源大厦二楼,综合自助,95.0,4.3,1620,牡丹园/北太平庄
小帅锅旋转小火锅（四道口店）,海淀区四道口路学院南路39号,小火锅,35.0,4.2,0,北下关
starhot星火韩国炸鸡火锅料理,海淀区西土城路学院国际大厦B1层,韩国菜,36.0,4.4,1219,牡丹园/北太平庄
南沙渔港软件园店,海淀区东北旺西路8号中关村软件园4号楼AB座1-2层,海鲜,99.0,4.4,5,上地
黄记煌三汁焖锅（安河桥华联店）,海淀区龙背村路99号院1号楼华联购物中心2楼F2-30单元（近地铁4号线安河桥北站）,焖锅,81.0,4.5,2005,颐和园
鸿旺老北京涮肉（四道口店）,海淀区学院南路27号,老北京火锅,55.0,4.0,0,北下关
鲜釜小火锅,海淀区蓝靛厂西路晨月园甲2号楼金铂麟酒店内,小火锅,150.0,4.4,0,远大路
喜乐祥山庄（杏石口店）,海淀区瑞王坟甲12号23号24号平房,特色火锅,70.0,4.8,0,四季青
辽宁大厦·盛安汇,海淀区北四环西路甲2号1幢A座,自助火锅,101.0,4.3,40,五道口
城一锅（玉泉路店）,海淀区玉泉路16号（海凌宾馆南）,羊蝎子火锅,105.0,3.9,1,五棵松
富顺荤豆花,海淀区温泉路58号天兰商场4层,豆腐花,50.0,4.6,16,海淀区
川酷麻辣香锅串串香（甘家口大厦店）,海淀区三里河路17号6层602-1（甘家口大厦六层）,干锅/香锅,55.0,3.5,81,甘家口百货
好吃的鱼火锅,海淀区上地西路华联上地购物中心4层,鱼火锅,0.0,4.0,0,上地
小渝府烤鱼·川菜·香锅（二里庄店）,海淀区志新西路11-5号（二里庄南口）,烤鱼,51.0,4.4,1744,五道口
大吉大利火锅鸡（大钟寺店）,海淀区北三环西路23号三层北侧,特色菜,0.0,0.0,0,大钟寺
池记串吧（北影店）,海淀区建安西路黄亭子小区甲2号（地铁西土城C口）,烤串,70.0,4.5,470,牡丹园/北太平庄
蛙宝厨（世纪金源购物中心店）,海淀区远大路1号世纪金源购物中心五层西段5209号,干锅/香锅,91.0,4.3,156,远大路
池记串吧（万寿路店）,海淀区万寿路西街甲四号（育英小学南门斜对面）,烤串,68.0,4.4,393,公主坟/万寿路
过江龙,海淀区上地十街10号百度大厦F3层F3-CE号,火锅,0.0,4.2,0,上地
和府火锅和她的面（五道口店）,海淀区成府路28号五道口购物中心L5-05号铺,面条,53.0,4.1,0,五道口
锅圈食汇火锅烧烤食材超市（同泽园店）,海淀区苏家坨镇前沙涧同泽园西里10号底商,生鲜,0.0,0.0,0,海淀区
虾吃虾涮（魏公村店）,海淀区北京市海淀区魏公街10号2-3层（快乐柠檬楼上）,虾蟹火锅,80.0,3.8,67,魏公村
虾吃虾涮（万泉庄店）,海淀区万泉河路68号紫金庄园9号楼一层（紫金大厦北侧10米）,虾蟹火锅,97.0,4.1,1644,人民大学
北华涮肉,海淀区五道口蓟鑫大厦2号,老北京火锅,97.0,4.3,4,五道口
京嘴儿老北京涮肉（甘家口大厦店）,海淀区三里河路17号甘家口大厦南侧海富门一楼,老北京火锅,56.0,4.3,198,甘家口百货
温野菜日本涮涮锅（世纪金源店）,海淀区远大路1号世纪金源购物中心五层E段5410（星美影城旁）,日式火锅,185.0,4.6,340,远大路
阳坊胜利涮羊肉（安宁庄店）,海淀区安宁庄东路24号,老北京火锅,104.0,3.9,12,清河
喜洋洋·涮羊肉羊蝎子,海淀区学清路逸成东苑甲7号,特色火锅,80.0,4.7,22,五道口
老诚一锅（紫竹桥店）,海淀区紫竹院路82号,羊蝎子火锅,80.0,4.7,8,紫竹桥
元羊火锅·羊蝎子（学清路店）,海淀区学清路甲8号欢乐汇KTV二层,羊蝎子火锅,81.0,4.7,172,五道口
炖炖牛肉锅,海淀区西土城路学院南路32号院,牛羊肉火锅,80.0,4.7,5,北下关
巴蜀·王婆大虾（清河店）,海淀区安宁庄东路72号（热电厂大门北侧）,虾蟹火锅,73.0,4.9,2434,清河
同盛鑫西门铜锅涮肉,海淀区复兴路丙11号,老北京火锅,106.0,4.4,4,公主坟/万寿路
醉帅锅回转自助火锅（龙旗广场店）,昌平区回龙观黄平路19号龙旗广场永辉超市负一层时遇美食街内,自助火锅,34.0,4.1,546,西三旗
醉帅锅回转自助小火锅（华宇店）,海淀区中关村南大街2号华宇中心四层,自助火锅,40.0,3.9,418,双榆树
城一锅羊蝎子火锅,丰台区京铁家园2区5号楼底商9号,羊蝎子火锅,63.0,4.2,311,五棵松
阳坊胜利涮羊肉（上地店）,海淀区信息路龙泉湖大厦底商,老北京火锅,112.0,4.2,56,上地
一品焖锅（新中关店）,海淀区北京市海淀区中关村大街19号新中关大厦L415,焖锅,93.0,4.1,101,中关村
玉金王婆大虾·锦州烧烤,海淀区聂各庄路北京农商银行南50米,海鲜火锅,84.0,4.8,50,海淀区
贵凤凰羊肉粉•小吃•贵州火锅（西直门店）,海淀区交通大学路3号院2号楼首层东侧1号,贵州菜,67.0,4.7,53,北下关
贵凤凰羊肉粉•小吃•贵州火锅（五道口店）,海淀区北京市海淀区中关村东路8号东升大夏ab座一层sa-xi-02单元,贵州菜,70.0,4.8,35,五道口
贵凤凰羊肉粉•小吃•贵州火锅（中科院店）,海淀区中关村南路南一条8号贵凤凰,贵州菜,66.0,4.6,43,中关村
老望京小腰（上地店）,海淀区上地信息路19号1号楼东南侧103中部（憩园斜对面）,烤串,75.0,3.9,174,上地
菜麻航天桥店—串串仙店（航天桥店）,海淀区阜成路北三街23号（航天烟酒旁）,串串香,82.0,4.3,460,航天桥
豆捞坊（火锅餐厅）,海淀区西翠路与玉渊潭南路交叉口的东南角（奥运篮球馆对面）,澳门豆捞,92.0,4.3,380,五棵松
羊大爷涮肉（温泉店）,海淀区太舟坞408号,老北京火锅,106.0,4.3,11,海淀区
锅圈食汇火锅烧烤食材超市（上庄嘉郡店）,海淀区三嘉南街上庄三嘉信苑16号楼1层2单元102-2,生鲜,46.0,4.4,0,上庄
春熙巷子·串串香火锅（京粮广场店）,海淀区田村路43号京粮广场A-1F-023号,串串香,94.0,4.2,100,田村
嗨番茄·番茄酸汤鱼（领展购物广场中关村店）,海淀区中关村大街领展购物中心5层,汤锅,46.0,4.1,100,中关村
小哥哥爱吃鸡·酸菜火锅鸡（第39档口-美华盛天美食城店）,海淀区莲花池东路北小马厂6号-01层西侧,火锅,0.0,4.1,0,首都博物馆/莲花池东路
东开源清真涮肉•传统菜•烧烤,海淀区羊坊店路17-5号,牛羊肉火锅,88.0,4.4,11,北京西站/六里桥
阿田大虾（馨瑞家园店）,海淀区上庄镇馨瑞家园小区,虾蟹火锅,73.0,4.3,5,上庄
一品焖锅（凯德晶品店）,海淀区复兴路51号凯德晶品三楼（近地铁万寿路站）,焖锅,86.0,4.3,190,公主坟/万寿路
懒熊火锅（八家嘉园店）,海淀区八家嘉园底商22-3号,水果生鲜,70.0,0.0,0,五道口
老诚一锅（香山店）,海淀区香山路林业科学院对面,羊蝎子火锅,100.0,4.5,34,颐和园
串百万串串火锅（上地华联店）,海淀区农大南路硅谷亮城北1号华联商厦四层,串串香,103.0,4.5,37,上地
313羊庄·铁锅烀羊肉（西三旗店）,海淀区安宁庄后街泰山饭店北侧,牛羊肉火锅,104.0,4.5,112,清河
313羊庄·铁锅烀羊肉（军博店）,海淀区北蜂窝路8-2号中联部西门（农业银行对面）,牛羊肉火锅,102.0,4.5,17,北京西站/军博
文津国际酒店怡多咖啡厅,海淀区中关村东路1号院清华科技园内文津国际酒店二层怡多餐厅（近清华大学南门）,综合自助,86.0,4.3,199,五道口
就三桌涮肉馆（牡丹园配送店）,海淀区花园路甲2号院4号楼2层201-08号、201-09号、201-10号,老北京火锅,80.0,4.1,0,牡丹园/北太平庄
巴蜀王婆大虾（金沟河店）,海淀区金沟河路万城大厦三楼西侧超市发入口（永辉超市对面）,火锅,82.0,4.4,189,五棵松
张胖子带你去成都串串香（双榆树店）,海淀区双榆树一街老诚一锅隔壁,串串香,97.0,4.8,111,双榆树
醉帅锅回转自助小火锅（六道口店）,海淀区学清路甲8号圣熙8号购物广场五层,自助火锅,38.0,4.3,501,五道口
小牛海记潮汕牛肉店（永定路店）,海淀区永定路28号（陈阿婆旁边）,潮汕牛肉火锅,81.0,4.3,4430,五棵松
攀成钢小郡肝串串香（中发百旺店）,海淀区圆明园西路18号中发百旺商城4层,串串香,109.0,4.1,275,上地
大碗牛肉面 羊蝎子火锅,海淀区香山买卖街57号,面条,47.0,4.6,29,香山/植物园
伊豆野菜村（清河万象汇店）,海淀区清河中街华润五彩城五楼东区L559,日式火锅,175.0,4.6,235,清河
伊豆野菜村（枫蓝国际店）,海淀区西直门北大街32号院（枫蓝国际购物中心三层）,日式火锅,176.0,4.8,157,北下关
打肚椰子鸡猪肚鸡（世纪金源店）,海淀区远大路1号世纪金源购物中心5层东侧,猪肚鸡火锅,127.0,4.7,32,远大路
牡丹园涮肉馆牡丹园店,海淀区花园东路28号（牡丹宾馆北侧）,老北京火锅,62.0,4.3,210,牡丹园/北太平庄
麻豆专蜀火锅（第11档口-辉煌国际美食城店）,海淀区上地十街1号院6号楼B1层03号,四川火锅,40.0,0.0,0,上地
洒加一小酒馆,海淀区交通大学路31号院底商,烧烤,100.0,4.9,4,北下关
阿田大虾（上庄店）,海淀区上庄路望湖楼饭庄西南对面,虾蟹火锅,60.0,4.7,220,上庄
老旧门超牛串串香（安宁庄店）,海淀区安宁庄东路18号,串串香,63.0,4.2,147,清河
呷哺火锅店,海淀区颐和园路5号,小火锅,0.0,4.1,0,颐和园
倪氏海泰大酒店餐厅（四季青店）,海淀区远大路39-2号院（南坞桥南50米处）,海鲜火锅,271.0,4.2,72,远大路
九丁目吉田·日式寿喜烧（中关村店）,海淀区中关村大街15-10号F2层（食宝街二期陶记黄牛宴面旁）,日式火锅,155.0,4.3,123,中关村
四季烤肉涮肉,海淀区北洼路南口88号（近阳坊胜利涮肉）,火锅,65.0,4.2,0,航天桥
天府豆花庄（金四季店）,海淀区金四季购物中心（金四季店）美食街三层,川菜,68.0,4.3,21,四季青
华丽盛宴.澳门海鲜火锅,海淀区北四环西路辽宁大厦1楼,海鲜火锅,621.0,4.5,6,中关村
万德私家火锅,海淀区香山南路北辛庄黄土坡甲7号,火锅,87.0,4.3,6,八大处
骨珍香老城一锅（温泉路店）,海淀区温泉路D28地块D1-1商业楼1层111,羊蝎子火锅,82.0,4.5,264,海淀区
六合居,海淀区远大路52号,老北京火锅,114.0,4.5,170,四季青
亮健容天老北京羊蝎子火锅（五彩城店）,海淀区朱房路50号,羊蝎子火锅,65.0,4.9,315,清河
淘汰郎小火锅（海淀店）,海淀区交大东路66号院1号楼1层108-1,涮涮锅,80.0,3.7,0,北下关
陈阿婆麻辣香锅（五棵松店）,海淀区复兴路32号院一区物业用房二层203室（汇通阳光商务酒店内）,干锅/香锅,58.0,4.3,2291,五棵松
友仁居老北京涮羊肉（知春路店）,海淀区知春路56号（希格玛大厦对面）,老北京火锅,84.0,4.4,138,双榆树
蝎王府羊蝎子（永定路店）,海淀区永定路铁家坟丙5号平房,火锅,95.0,4.9,448,五棵松
城都成串串香（创客小镇店）,海淀区画眉山东路创客小镇底商112号,串串香,85.0,4.9,777,海淀区
蝎王府羊蝎子（农大店）,海淀区厢黄旗七彩华园14号楼1层100,羊蝎子火锅,78.0,4.9,82,上地
郑记羊蝎子（恩济庄店）,海淀区恩济庄永安东里3号楼一层,羊蝎子火锅,80.0,5.0,13,四季青
时间之外牛板筋火锅●烤串,海淀区德惠路西山一号院商14号楼（原大麦茶嗑瓜子牛板筋火锅）,牛羊肉火锅,99.0,4.0,0,西北旺
就三桌涮肉馆（四道口店）,海淀区皂君庙东路皂君庙14号院鑫雅苑小区5号楼二层（东升地区）,老北京火锅,80.0,4.2,0,北下关
老诚一锅（魏公村店）,海淀区魏公街10号（快乐柠檬门进）,羊蝎子火锅,101.0,4.3,16,魏公村
京城蝎府羊蝎子（龙岗路店）,海淀区清河龙岗路18号（老宅门旁）,羊蝎子火锅,92.0,4.3,447,清河
一品焖锅（世纪金源购物中心店）,海淀区远大路1号世纪金源购物中心5楼（汉拿山旁）,焖锅,80.0,4.4,708,远大路
看庭前火锅·烧烤季（香山店）,海淀区香山路香山南营18号（卧佛寺南门往西100米路北，近香山公园）,老北京火锅,123.0,4.6,92,香山/植物园
草原情（羊蝎子•烤羊排店）,海淀区展春园西路蓟鑫大厦1层,羊蝎子火锅,70.0,4.2,1601,五道口
骨氣鼓氣秘制羊棒骨（上地店）,海淀区信息路19号（上地之城西侧，中国实创中心东侧）,特色火锅,112.0,3.6,98,上地
小渔棠（北清路店）,海淀区北清路68号23号楼B1层北侧,鱼火锅,67.0,4.4,579,西北旺
攀成钢小郡肝串串香（安河桥店）,海淀区海淀区龙背村路101号1层1-32号铺,串串香,100.0,4.2,63,颐和园
蝎王府羊蝎子（西直门店）,海淀区交大东路佰金广场一层（交通大学路口）,羊蝎子火锅,68.0,4.5,3491,北下关
蝎王府羊蝎子（清河店）,海淀区安宁庄东路72号小营桥西热力公司旁,羊蝎子火锅,65.0,4.5,970,清河
蝎王府羊蝎子（双榆树店）,海淀区双榆树中街双榆树东里甲18号,羊蝎子火锅,100.0,4.5,421,双榆树
阿单串串（食宝街店）,海淀区中关村海淀东一街食宝街Z139（海淀东一街与善缘街交汇处旁）,串串香,25.0,3.9,389,中关村
许小树（新中关购物中心店）,海淀区中关村大街19号新中关大厦B128号,麻辣烫,43.0,4.1,60,中关村
京华烧烤羊蝎子（西二旗店）,海淀区西二旗大街39号融通高科大厦A座一层底商,羊蝎子火锅,82.0,4.3,1751,上地
北华涮肉小院（西苑店）,海淀区二龙闸路西苑桥桥西100米（三角地公园内）,老北京火锅,97.0,4.3,382,颐和园
和庆斋（明光村店）,海淀区西土城路明光村16号楼南侧2层016号,羊蝎子火锅,60.0,4.9,5,北下关
骨氣鼓氣秘制羊棒骨（五棵松店）,海淀区复兴路69号16幢-1层-101-199,特色火锅,90.0,4.3,354,五棵松
天地涮肉,海淀区大柳树路23号（大慧寺路东口）,老北京火锅,111.0,4.2,0,北下关
班花串串香火锅（中关村店）,海淀区海淀大街27号天使大厦底商,串串香,97.0,4.4,323,中关村
攀成钢小郡肝串串香（海淀绿地中央广场店）,海淀区林风二路39号（近苏家坨，绿地中央广场）,串串香,100.0,4.3,30,上庄
老诚一锅羊蝎子火锅,海淀区东北旺路,羊蝎子火锅,80.0,3.5,9,上地
串百万串串火锅（万柳华联店）,海淀区万柳购物广场5层,串串香,105.0,4.3,29,万柳
黄记煌三汁焖锅（四道口店）,海淀区学院南路33号（近四道口艺海金五星百货铁道西侧）,焖锅,80.0,4.4,3980,北下关
仁义餐厅,海淀区香山路西小府甲22号,火锅,91.0,4.0,0,香山/植物园
淘汰郎（第A2档口-熊猫星厨美食城店）,海淀区暂安处1号蓟鑫大厦D区301,小火锅,0.0,0.0,0,五道口
小帅锅旋转小火锅（五道口店）,海淀区北京海淀区成府路29号学府美食城,小火锅,28.0,3.9,5,五道口
炫丽彩虹重庆麻辣烫,海淀区是东王庄小区10号楼,火锅,47.0,3.7,0,五道口
和庆斋（颐泉山庄店）,海淀区龙背村路与天秀北路交口东南角,羊蝎子火锅,83.0,4.5,99,颐和园
玉林串串香（明光桥店）,海淀区学院南路甲7号,串串香,55.0,4.3,3202,牡丹园/北太平庄
三山阳坊涮肉（闵庄店）,海淀区闵庄南路天香颐中里甲7号楼底商,老北京火锅,81.0,4.4,120,四季青
阿田大虾（太舟坞店）,海淀区温泉路太舟坞108号,虾蟹火锅,86.0,4.4,123,海淀区
虾吃虾涮虾火锅（学院路店）,海淀区学院路17号（北京语言大学东门南侧肯德基楼下）,虾蟹火锅,69.0,4.3,4264,五道口
火炉火年糕火锅&芝士排骨（五道口店）,海淀区成府路食尚苑1楼,韩国菜,55.0,4.2,6797,五道口
羊蝎子鱼锅,海淀区颐和园路大有庄南上坡34号,羊蝎子火锅,60.0,4.3,173,颐和园
王土地火锅,海淀区中关村北大街42号圆明园东门正对面清华大学清华附中,特色火锅,70.0,4.4,52,五道口
骨珍香老城一锅羊蝎子（畅春园店）,海淀区颐和园路8号1层111,羊蝎子火锅,87.0,4.2,190,颐和园
骨珍香老城一锅羊蝎子（永定路店）,海淀区金沟河路15号院,羊蝎子火锅,115.0,4.2,132,五棵松
好汉烤羊腿·羊蝎子·音乐串吧,海淀区学清路逸成东苑甲9号商务楼2层,烤羊腿,103.0,5.0,10,五道口
虾吃虾涮火锅（八角店）,海淀区八角东街建西苑中里1号楼2层203号（京成商厦二层）,虾蟹火锅,80.0,4.7,75,古城/八角
关二涮肉（中关村店）,海淀区双榆树北青云路知春公园南侧（近嘉年华巴西烤肉）,老北京火锅,122.0,4.5,0,双榆树
我的唐锅（志新东路店）,海淀区志新东路8号,四川火锅,88.0,4.2,10,五道口
西山居菌汤小火锅,海淀区永丰路西山壹号院中信支行旁（中关村软件园旁）,小火锅,193.0,4.3,1321,上地
阳坊胜利涮羊肉（上庄店）,海淀区上庄路中国邮政西北方向40米,老北京火锅,88.0,4.2,11,上庄
大骨羊骨火锅自助,海淀区阿杰水果行对面,自助火锅,0.0,3.7,5,上庄
虾吃虾涮（北洼店）,海淀区北洼西里28号物美超市北50米,虾蟹火锅,67.0,4.4,2609,紫竹桥
老北京铜锅涮肉（文慧园西路店）,海淀区文慧园斜街如家酒店楼下，永辉超市斜对面,老北京火锅,71.0,3.8,0,北下关
黄记黄串串香,海淀区师大北路附近,串串香,0.0,4.0,0,牡丹园/北太平庄
北华涮肉（北大西门店）,海淀区颐和园路5号北京大学西门畅春园南门东侧,老北京火锅,61.0,4.4,1692,颐和园
老佛爷铜炉蛙锅（五道口店）,海淀区成府路29号3-1-6,川菜,86.0,4.4,2849,五道口
三个渔夫灶台鱼（宝盛里店）,海淀区龙岗路宝盛里37号楼2层211号,其他中餐,81.0,4.4,25,清河
老北京门钉肉饼爆肚涮肉（农业大学西区店）,海淀区天秀路天秀花园东站1号（荷塘月舍对面）,老北京火锅,50.0,4.2,18,农业大学西区
Pick Me火锅杯（永定路店）,海淀区复兴路甲36号百朗园0212号,麻辣烫,0.0,3.8,0,五棵松
重庆鸡公煲（大钟寺店）,海淀区北三环西路甲18号中鼎大厦A座-101,川味火锅,0.0,4.1,0,北下关
蜀一数二串串香（五道口店）,海淀区中关村东路18号-1层,串串香,29.0,4.2,1,五道口
味香苑小馆,海淀区羊坊店东路101号店,火锅,40.0,3.8,30,公主坟/万寿路
黔味家常菜（六道口店）,海淀区清华东路25号21号楼1层103室,农家菜,70.0,4.5,11,五道口
鲜潭蒸汽石锅鱼（五道口购物中心店）,海淀区展春园西路成府路28号五道口购物中心5层,鱼火锅,109.0,4.7,135,五道口
集天餐厅（人大店）,海淀区中关村大街59号中国人民大学南区食堂（教学三楼后侧）,烤鱼,50.0,4.7,5717,中关村
和庆斋（体育大学店）,海淀区中关村北大街1号（近圆明园东门公交）,羊蝎子火锅,88.0,4.3,0,海淀区
小城渔家·活鱼现烤（世纪金源购物中心店）,海淀区远大路1号金源时代购物中心5层,烤鱼,86.0,4.5,551,远大路
Pickme火锅杯（上地街店）,海淀区上地信息产业基地开拓路1号-1层118,麻辣烫,0.0,4.2,0,上地
航西老北京炭锅涮肉羊蝎子,海淀区北洼路南口90号,老北京火锅,87.0,4.4,9,航天桥
三个渔夫灶台鱼（清河店）,海淀区朱房路27号（近G7高速出口）,鱼火锅,79.0,4.4,1270,清河
精酿啤酒火锅串吧,海淀区北三环中路44号院,串串香,80.0,4.1,27,牡丹园/北太平庄
羊倌火锅食材店,海淀区增光路35号增光鸿运农副产品市场中心东门厅-2号,生鲜,0.0,4.1,0,航天桥
龙源骨头庄（中发百旺商城店）,海淀区圆明园西路18号（中发百旺商城五楼527号）,羊蝎子火锅,90.0,4.0,93,上地
新花园火锅餐厅（五道口店）,海淀区成府路29号国际食尚苑A区3层（聚点串吧旁）,重庆火锅,66.0,4.7,60,五道口
万盛老北京涮肉坊,海淀区万寿路西街7号中组部招待所南门对面,老北京火锅,85.0,4.2,0,公主坟/万寿路
河南驴肉馆老店,海淀区新都路128号附近,黑山羊火锅,0.0,3.8,0,海淀区
鲸鱼悦·鱼掌门鱼火锅（上地店）,海淀区马连洼北路8号万霖科技大厦B座106,鱼火锅,105.0,4.8,259,上地
金响涮肉（旱河路店）,海淀区旱河路与杏石口路交叉口西南角（京瑞宝通汽车用品商行旁）,老北京火锅,100.0,3.9,0,田村
四季火锅,海淀区学院路29号地大国际会议中心B1,涮涮锅,86.0,3.7,0,五道口
壹米家年糕火锅韩食拌饭（清华东路店）,海淀区清华东路农业大学南门（六道口地铁站）,韩国菜,31.0,4.2,79,五道口
羊大爷,海淀区颐和园路5号,牛羊肉火锅,106.0,4.3,0,中关村
義公子冰煮羊火锅（万寿寺店）,海淀区万寿寺北里甲28号,火锅,145.0,4.8,50,魏公村
有范儿串串香火锅（清河店）,海淀区永泰庄西路6号院1层,串串香,80.0,4.5,456,清河
北京土著部落,海淀区清华东路东王庄小区10号楼底商,羊蝎子火锅,60.0,4.8,17,五道口
泰伙餐厅,海淀区复兴路乙11号梅地亚中心1层（近中央电视台）,泰国菜,126.0,4.6,947,公主坟/万寿路
夜焰串吧,海淀区王庄路东王庄33号楼二层8号,烤串,77.0,4.8,12,五道口
禧萃香港海鮮火鍋,海淀区花园路2号，权品金沙,港式火锅,257.0,4.8,19,牡丹园/北太平庄
龍虎人丹火锅冒菜（温泉店）,海淀区温泉镇白家疃村东建兴加工厂平房（小博士幼儿园侧面）,冒菜,0.0,0.0,0,海淀区
有面儿碳烤羊腿,海淀区温泉镇尚峰尚水小区尚品园1号楼底商,烤串,70.0,4.7,707,海淀区
伙盆居,海淀区后屯路专家国际公馆,私房菜,86.0,4.6,24,清河
利桥顺酒楼（北洼路店）,海淀区北洼路40号,河北菜,88.0,4.6,337,航天桥
利桥顺酒楼（四道口店）,海淀区四道口路北下关四道口1号53号楼一至二层,河北菜,80.0,4.7,179,大钟寺
骏马老城一锅（骏马国际店）,海淀区中关村东路95号,羊蝎子火锅,81.0,4.6,42,中关村
重庆壹圣元火锅（公主坟店）,海淀区复兴路甲23号公主坟城乡贸易中心二楼西侧,重庆火锅,102.0,4.6,808,公主坟/万寿路
簋鱼锅,海淀区蓟鑫大厦三楼火锅店B3,鱼火锅,0.0,3.5,0,五道口
就三桌涮肉馆（铸城大厦配送店）,海淀区中关村南大街甲6号1层F8-4、F8-5、F9-3、F9-4,老北京火锅,80.0,0.0,0,双榆树
海兰火锅城,海淀区南平庄中路与西平庄路交叉口东100米,火锅,0.0,3.9,0,田村
胖胖家常菜,海淀区成府路与三才堂路交叉口西南角,家常菜,80.0,4.5,5,五道口
蜀渝你的串说（六道口店）,海淀区清华东路35号北京林业大学科贸楼1层（含二层）,重庆火锅,63.0,4.8,2334,五道口
烧饼酱肉.羊蝎子火锅,海淀区学院路17号1幢1层1号（北京语言大学东门向南50米）,羊蝎子火锅,72.0,3.8,21,五道口
鱼悦心跳（辉煌国际店）,海淀区上地十街辉煌国际B1层B35,鱼火锅,0.0,0.0,0,上地
老城羊蝎子,海淀区韩家川路西北旺韩家川村八局对面,羊蝎子火锅,68.0,4.2,0,百望山森林公园/309医院
牛街洪硕涮肉烧烤,海淀区安宁庄东路72号,老北京火锅,80.0,3.8,5,清河
知味麻辣串串香,海淀区善缘街1号食宝街2期杨国福旁边,串串香,18.0,4.3,3,中关村
虾吃虾涮（西直门店）,海淀区西直门北大街41号天兆家园3层北部东侧,虾蟹火锅,85.0,4.7,806,北下关
串串香,海淀区聂各庄路18号,串串香,0.0,4.2,0,海淀区
麻辣师娘（第四档口-味伯客美食城店）,海淀区罗庄西里13号楼一层东侧,串串香,0.0,4.1,0,知春路
玩儿串串（上地华联店）,海淀区农大南路1号院1号楼-1层B101B1-25A号,串串香,34.0,3.7,0,上地
玩儿串串（上地华联店）,海淀区农大南路1号院1号楼B101B1-25A号,串串香,25.0,3.9,0,上地
伊源斋烧烤家常菜涮肉,海淀区马甸东路3号（北三环中路与马甸桥交叉口西北角平房）,新疆菜,63.0,4.1,2,牡丹园/北太平庄
罗勒家（能量城市店）,海淀区板井路69号世纪金源大饭店楼下,牛羊肉火锅,135.0,4.9,1,远大路
羊蝎子爆肚（肉饼店）,海淀区彰化路48号,羊蝎子火锅,76.0,4.4,0,四季青
图灵私房菜,海淀区闵庄路42号院1号楼一层101,融合菜,93.0,4.4,1,颐和园
9号里铜锅涮肉（月泉路店）,海淀区学清路逸成东苑9号楼3层,老北京火锅,73.0,4.8,53,海淀区
王婆大虾•东北烧烤（六道口店）,海淀区中国矿业大学艺海大厦,海鲜火锅,77.0,4.6,87,五道口
臻和羊蝎子涮肉（海淀店）,海淀区天秀路9-5号院1号楼一层102室,老北京火锅,77.0,4.6,79,百望山森林公园/309医院
友兴朋记·铁锅肥肠（上地店）,海淀区信息路上地东里4区1号楼一层甲1号,特色火锅,80.0,4.7,9,上地
邬智雅娜·养生素食·松茸火锅（大钟寺店）,海淀区皂君庙东路皂君庙14号院鑫雅苑5号楼1层,素食,121.0,4.6,19,大钟寺
南门涮肉範,海淀区三里河路17号甘家口大厦北侧（增光路新华书店旁边）,老北京火锅,78.0,4.5,2,甘家口百货
重庆椰子鸡火锅,海淀区邓庄北路友谊路14号院,重庆火锅,83.0,4.1,0,海淀区
满祥轩（牡丹园店）,海淀区牡丹园东街29号,老北京火锅,103.0,4.6,0,牡丹园/北太平庄
小喜村（紫竹桥店）,海淀区紫竹院广源闸路5号1层,重庆火锅,90.0,4.6,89,紫竹桥
简阳羊肉汤（永泰庄店）,海淀区东升镇永泰庄北路永泰东村45号,羊肉汤,62.0,4.3,145,清河
老城一锅羊蝎子（闵庄南路店）,海淀区闵庄南路,羊蝎子火锅,0.0,4.1,0,四季青
蛙蛙叫·铜炉蛙锅（印象城店）,海淀区翠微路12号印象城购物中心4层,炭火锅,98.0,4.4,225,公主坟/万寿路
老诚一锅•羊蝎子·小龙虾·烧烤（西三旗新龙大厦直营店）,昌平区建材城西路新龙大厦一层,羊蝎子火锅,93.0,5.0,98,西三旗
七幺巴骨之味（五道口店）,海淀区北京市海淀区兰旗营134号南面平房,火锅,83.0,4.6,201,五道口
花聚（西二旗西路店）,海淀区西二旗大街西二旗智学苑29号楼,港式火锅,402.0,4.5,0,上地
椒天红羊蝎子,海淀区西翠路与五棵松北路交口万寿路4号院西门（南侧平房44号）,羊蝎子火锅,73.0,4.3,275,五棵松
临水居,海淀区北洼西里48号（地铁10号线，6号线慈寿寺B口出，过天桥向北50米宝联体育公园院内）,家常菜,51.0,4.3,830,航天桥
苗韵竹荪鹅（香山店）,海淀区香山南路南辛村2号中科院植物园西门对面,云南火锅,63.0,4.4,175,香山/植物园
老店红焖羊肉,海淀区翠微路6号附近,黑山羊火锅,0.0,4.1,0,公主坟/万寿路
1号·火锅鸡（第五档口-正兴美食城店）,海淀区中关村大街18号地下一层,快餐简餐,0.0,3.9,0,中关村
添一顺（宝蓝金园国际店）,海淀区东冉北街9号宝蓝金园国际中心,羊蝎子火锅,88.0,4.2,0,四季青
德文轩羊蝎子涮肉,海淀区闵庄南路16号中国建设银行旁边,羊蝎子火锅,108.0,4.2,0,四季青
可鑫小馆（上庄店）,海淀区上庄馨瑞嘉园8号楼4单元105室,羊蝎子火锅,0.0,3.9,0,上庄
矮仔广东潮汕餐厅,海淀区中关村东路110号（近三环联想桥）,潮州菜,94.0,3.6,5,双榆树
明洞邦·韩式美食广场（东升科技园店）,海淀区西小口路66号中关村东升科技园B区6号楼A座A02室,韩国菜,65.0,3.9,857,清河
陈阿婆春饼·烤鸭（复兴路店）,海淀区复兴路32号（五棵松地铁D口南50米）,烤鸭,66.0,4.0,99,五棵松
嘻鱼町酸菜小鱼（五道口店）,海淀区华源世纪商务楼双清路88号星选闪电厨房11号,酸菜鱼/水煮鱼,40.0,4.0,0,五道口
胖鸽子烧烤（五棵松店）,海淀区采石北路万城大厦,烤串,90.0,3.7,3,五棵松
大手指广东酒家（万泉河小南庄店）,海淀区万柳东路小南庄400号西配楼一层,粤菜,89.0,4.6,50,苏州桥
骨气鼓氣秘制羊棒骨（中关村店）,海淀区海淀路19-1号,特色火锅,89.0,4.5,743,中关村
香辣香小火锅,海淀区北京理工大学京工食堂二楼,小火锅,27.0,4.0,0,魏公村
清青小火锅,海淀区荷清路清华大学芝兰园餐厅后身二层,小火锅,67.0,3.9,0,五道口
景娘家煮馍·麻辣烫/拌,海淀区清河街道花园楼小区众海泰美食城内,火锅,25.0,4.2,0,清河
艺古斋牛街涮肉,海淀区学院南路68号（皂君庙路与学院南路交口西南角）,老北京火锅,64.0,4.2,57,北下关
和合四季椰子鸡火锅（五棵松店）,海淀区玉渊潭南路凯迪拉克中心北门对面瑞丰园美食新天地二楼（西临蓝色港湾购物中心）,特色火锅,96.0,4.6,655,五棵松
海底捞火锅（世纪金源店）,海淀区远大路1号金源时代购物中心西区5层,四川火锅,0.0,4.7,0,远大路
海底捞火锅（悦茂购物中心店）,海淀区文龙家园四里4号楼悦茂购物中心3F-02、4F-07,四川火锅,0.0,4.8,0,清河
海底捞火锅（中关村壹号店）,海淀区北京市海淀区西北旺镇北清路中关村壹号A3栋二层,四川火锅,0.0,4.9,0,西北旺
曾经的少年牛板筋火锅·串,海淀区上庄镇嘉郡小区109号,特色火锅,82.0,3.5,1,上庄
川渝马邦火锅鸡（小马厂店）,海淀区华天大厦地下一层,火锅,0.0,4.1,0,首都博物馆/莲花池东路
嘴厨麻辣烫（西二旗店）,海淀区上地西路上地十街1号院6号楼1层104,快餐简餐,32.0,4.5,11,上地
藤椒鱼,海淀区万泉河路68号,鱼火锅,0.0,0.0,0,苏州桥
爽亚爽纯鸭血厨爽火锅食材,海淀区巨山路西山国际城9号楼底商115号,四川火锅,0.0,4.0,0,田村
品圣甲万州烤鱼（西苑店）,海淀区中直路与二龙闸路交叉口北50米路西（西苑地铁C1口南50米）,鱼火锅,75.0,4.1,100,颐和园
古香食府（温泉店）,海淀区温泉镇古香道南街杨庄村南平房（农村信用社往南500米）,鱼火锅,69.0,4.2,3,海淀区
魏家小馆,海淀区篱笆房路青云南区（近北三环西路）,菌菇火锅,73.0,4.3,0,魏公村
自助梭边鱼羊蝎子涮肉,海淀区凤凰岭路台头村车站旁,羊蝎子火锅,50.0,4.3,3,海淀区
金福生涮肉坊,海淀区金沟河路17号院底商,老北京火锅,75.0,4.4,0,五棵松
铁锅柴骨头锅石锅鱼（佟家坟专营店）,海淀区四季青杏石口路蓝天双语幼儿园东50米,鱼火锅,0.0,3.0,0,田村
川国煮意·羊棒骨（玉泉商业生活中心店）,海淀区茶棚路玉泉商业生活中心一层进门左手到头,火锅,75.0,4.4,58,颐和园
羯公子·干锅羊蝎子,海淀区翠微路甲10号院建筑大厦B1层,羊蝎子火锅,87.0,4.1,6,公主坟/万寿路
绿叶家常菜（百旺店）,海淀区百旺家苑底商对面，中国银行西侧（近润千秋佳苑，黑山扈路）,火锅,52.0,3.8,0,上地
老北京涮羊肉,海淀区上地万林大厦,老北京火锅,0.0,3.9,0,上地
香易呈老北京铜锅涮肉炙子烤肉（宝盛里店）,海淀区永泰庄东路宝盛里35号楼底商,老北京火锅,94.0,3.9,0,清河
小张烧烤（太平路店）,海淀区太平路甲12号，简时尚宾馆旁边,烤串,60.0,4.3,20,五棵松
火洲客·羊蝎子火锅（金澳国际店）,海淀区马甸东路19号,羊蝎子火锅,58.0,4.1,56,牡丹园/北太平庄
食在我家灶台鱼,海淀区北三环西路31号（京仪酒店南）,鱼火锅,67.0,4.2,0,双榆树
海底捞火锅（世纪金源店）,海淀区远大路1号金源时代购物中心西区5层,四川火锅,0.0,4.7,0,远大路
海底捞火锅（悦茂购物中心店）,海淀区文龙家园四里4号楼悦茂购物中心3F-02、4F-07,四川火锅,0.0,4.8,0,清河
海底捞火锅（中关村壹号店）,海淀区北京市海淀区西北旺镇北清路中关村壹号A3栋二层,四川火锅,0.0,4.9,0,西北旺
老北京涮肉,海淀区明光东路5号,老北京火锅,0.0,0.0,0,北下关
贤合庄卤味火锅（六道口店）,海淀区海淀学清路38号B座4层410411（金码大厦b座）,四川火锅,0.0,0.0,0,五道口
老北京铜锅涮肉,海淀区花园路街道牡丹园西里16号楼北平楼,老北京火锅,0.0,0.0,0,牡丹园/北太平庄
老北京铜锅涮肉,海淀区北下关文慧桥17号,老北京火锅,0.0,0.0,0,北下关
海底捞（百旺商城店）,海淀区圆明园西路18-15号百旺商城四层,四川火锅,0.0,4.5,0,农业大学西区
阳坊大都涮羊肉（上地店）,海淀区信息路30号（上地大厦二层）,老北京火锅,0.0,4.8,2,上地
胡羊记,海淀区教师进修学院,牛羊肉火锅,0.0,0.0,0,颐和园
愉火锅,海淀区颐和园路北京大学家园食堂4层,重庆火锅,0.0,3.5,0,中关村
许氏王婆大虾（万寿路店）,海淀区万寿路翠微南里临街房3号,虾蟹火锅,0.0,0.0,0,公主坟/万寿路
海底捞火锅（大钟寺店）,海淀区北三环西路甲18号大钟寺中坤广场E座5层,四川火锅,105.0,5.0,12,大钟寺
西域兰庭（永泰庄店）,海淀区永泰中路永泰东里36号永泰大厦一层北侧103号,新疆菜,59.0,4.4,3732,清河
嘻牛·筋腩牛肉锅（第B23档口-橘猫精选美食城店）,海淀区北下关街道四道口橘猫精选3层,潮汕牛肉火锅,0.0,0.0,0,大钟寺
成都倒拐香耗儿鱼（西三环北路店）,海淀区西三环北路82号-1（航天桥北侧）,鱼火锅,97.0,4.3,2035,航天桥
铁锅柴鸡石锅鱼,海淀区聂各庄路与凤凰岭路交叉口北100米,鱼火锅,0.0,4.3,0,海淀区
精品羊棒骨烩面,海淀区四道口路大钟寺村27号,羊蝎子火锅,73.0,4.2,0,北下关
胡记骨头庄老店,海淀区建材城东路10号,小火锅,91.0,4.1,0,海淀区
祥和饭店,海淀区苏家坨镇草厂村129号平房（心意平价超市对面）,火锅,0.0,3.9,0,海淀区
老北京羊蝎子铜锅涮肉,海淀区用友产业园(北区)23号一层,羊蝎子火锅,87.0,3.8,3,西北旺
清真金响涮肉（万柳中路店）,海淀区万柳中路10号108,老北京火锅,81.0,3.9,44,万柳
溢香铁锅炖活鱼（肖家河店）,海淀区天秀路9-5号（天秀市场东侧，百旺休闲商务会馆西侧）,农家菜,83.0,4.3,348,农业大学西区
张亮麻辣烫（大慧寺店）,海淀区大慧寺路6号（大鸭梨旁）,麻辣烫,28.0,4.3,175,北下关
芊語鮮尋,海淀区马连洼,日式火锅,0.0,3.8,0,上地
玩儿串串（凯德晶品店）,海淀区复兴路51号凯德晶品购物中心LG层04B,串串香,25.0,4.1,0,公主坟/万寿路
玩儿串串（五彩城店）,海淀区清河中街68号3层L308号,串串香,25.0,3.7,0,清河
海底捞火锅（世纪金源店）,海淀区远大路1号金源时代购物中心西区5层,四川火锅,0.0,4.7,0,远大路
海底捞火锅（悦茂购物中心店）,海淀区文龙家园四里4号楼悦茂购物中心3F-02、4F-07,四川火锅,0.0,4.8,0,清河
海底捞火锅（中关村壹号店）,海淀区北京市海淀区西北旺镇北清路中关村壹号A3栋二层,四川火锅,0.0,4.9,0,西北旺
老北京涮肉,海淀区明光东路5号,老北京火锅,0.0,0.0,0,北下关
贤合庄卤味火锅（六道口店）,海淀区海淀学清路38号B座4层410411（金码大厦b座）,四川火锅,0.0,0.0,0,五道口
老北京铜锅涮肉,海淀区花园路街道牡丹园西里16号楼北平楼,老北京火锅,0.0,0.0,0,牡丹园/北太平庄
老北京铜锅涮肉,海淀区北下关文慧桥17号,老北京火锅,0.0,0.0,0,北下关
海底捞（百旺商城店）,海淀区圆明园西路18-15号百旺商城四层,四川火锅,0.0,4.5,0,农业大学西区
阳坊大都涮羊肉（上地店）,海淀区信息路30号（上地大厦二层）,老北京火锅,0.0,4.8,2,上地
胡羊记,海淀区教师进修学院,牛羊肉火锅,0.0,0.0,0,颐和园
愉火锅,海淀区颐和园路北京大学家园食堂4层,重庆火锅,0.0,3.5,0,中关村
许氏王婆大虾（万寿路店）,海淀区万寿路翠微南里临街房3号,虾蟹火锅,0.0,0.0,0,公主坟/万寿路
海底捞火锅（大钟寺店）,海淀区北三环西路甲18号大钟寺中坤广场E座5层,四川火锅,105.0,5.0,12,大钟寺
老北京铜锅涮肉,海淀区文慧园西路远洋风景东门对面,老北京火锅,0.0,4.2,12,西直门/动物园
小胖特色焖锅（清华大学店）,海淀区中关村北大街18号地下一层B06号,焖锅,0.0,0.0,0,五道口
1905旋转小火锅,海淀区中国农业大学学生2号公寓南楼,小火锅,0.0,0.0,0,五道口
花间沐冬阴功海鲜火锅,海淀区颐和园路208号龙湖星悦荟二楼,海鲜火锅,0.0,4.0,0,颐和园
淘汰郎小火锅（海淀二店）,海淀区学院路甲5号15幢一、二层,涮涮锅,80.0,4.0,0,五道口
童陈记重庆冷串串,海淀区西三环北路辅路西三环北路100号,串串香,30.0,4.0,0,航天桥
蜀牛记刀叉牛肉养生汤锅,海淀区黑泉路观景园小区西侧兴美大厦,汤锅,78.0,4.7,26,清河
苏尼特草原涮肉坊,海淀区闵庄南路9号交通银行旁,老北京火锅,93.0,4.9,13,四季青
海底捞火锅（世纪金源店）,海淀区远大路1号金源时代购物中心西区5层,四川火锅,0.0,4.7,0,远大路
海底捞火锅（悦茂购物中心店）,海淀区文龙家园四里4号楼悦茂购物中心3F-02、4F-07,四川火锅,0.0,4.8,0,清河
海底捞火锅（中关村壹号店）,海淀区北京市海淀区西北旺镇北清路中关村壹号A3栋二层,四川火锅,0.0,4.9,0,西北旺
老北京涮肉,海淀区明光东路5号,老北京火锅,0.0,0.0,0,北下关
贤合庄卤味火锅（六道口店）,海淀区海淀学清路38号B座4层410411（金码大厦b座）,四川火锅,0.0,0.0,0,五道口
老北京铜锅涮肉,海淀区花园路街道牡丹园西里16号楼北平楼,老北京火锅,0.0,0.0,0,牡丹园/北太平庄
老北京铜锅涮肉,海淀区北下关文慧桥17号,老北京火锅,0.0,0.0,0,北下关
海底捞（百旺商城店）,海淀区圆明园西路18-15号百旺商城四层,四川火锅,0.0,4.5,0,农业大学西区
阳坊大都涮羊肉（上地店）,海淀区信息路30号（上地大厦二层）,老北京火锅,0.0,4.8,2,上地
胡羊记,海淀区教师进修学院,牛羊肉火锅,0.0,0.0,0,颐和园
愉火锅,海淀区颐和园路北京大学家园食堂4层,重庆火锅,0.0,3.5,0,中关村
许氏王婆大虾（万寿路店）,海淀区万寿路翠微南里临街房3号,虾蟹火锅,0.0,0.0,0,公主坟/万寿路
海底捞火锅（大钟寺店）,海淀区北三环西路甲18号大钟寺中坤广场E座5层,四川火锅,105.0,5.0,12,大钟寺
老北京铜锅涮肉,海淀区文慧园西路远洋风景东门对面,老北京火锅,0.0,4.2,12,西直门/动物园
小胖特色焖锅（清华大学店）,海淀区中关村北大街18号地下一层B06号,焖锅,0.0,0.0,0,五道口
1905旋转小火锅,海淀区中国农业大学学生2号公寓南楼,小火锅,0.0,0.0,0,五道口
花间沐冬阴功海鲜火锅,海淀区颐和园路208号龙湖星悦荟二楼,海鲜火锅,0.0,4.0,0,颐和园
淘汰郎小火锅（海淀二店）,海淀区学院路甲5号15幢一、二层,涮涮锅,80.0,4.0,0,五道口
百旺三人行市井火锅（五道口店）,海淀区成府路清华大学五道口金融学院南门旁,重庆火锅,80.0,0.0,0,五道口
黄记煌三汁焖锅（中发百旺商城店）,海淀区圆明园西路18号中发百旺商城5层,焖锅,79.0,4.2,2541,上地
虾吃虾涮（知春路店）,海淀区罗庄西里5号楼（亿客家宾馆）,虾蟹火锅,75.0,4.4,2498,知春路
马路边边串串香（五棵松店）,海淀区玉渊潭南路瑞丰美食新天地2楼,串串香,102.0,4.5,162,五棵松
懒熊火锅（双井物美店）,海淀区远大路贵友大厦B1卜蜂莲花内,生鲜,0.0,3.8,0,远大路
陈阿婆总后店,海淀区复兴路22号院30号楼一楼,重庆火锅,0.0,3.8,0,公主坟/万寿路
羊蝎子,海淀区魏公村民族大学北路10号,羊蝎子火锅,0.0,0.0,0,魏公村
鸭爪爪火锅,海淀区海淀中街6号,四川火锅,0.0,3.0,0,中关村
鸭儿李记涮肉,海淀区阜成路北三街,老北京火锅,0.0,0.0,0,航天桥
313羊庄（上地店）,海淀区上地信息路科实大厦底商,牛羊肉火锅,97.0,4.8,152,上地
老北京兴缘斋涮羊肉（甘家口店）,海淀区三里河路7号19幢,老北京火锅,92.0,4.4,718,海淀区
愉火锅,海淀区颐和园路北京大学家园食堂4层,重庆火锅,0.0,3.5,0,中关村
许氏王婆大虾（万寿路店）,海淀区万寿路翠微南里临街房3号,虾蟹火锅,0.0,0.0,0,公主坟/万寿路
海底捞火锅（大钟寺店）,海淀区北三环西路甲18号大钟寺中坤广场E座5层,四川火锅,105.0,5.0,12,大钟寺
老北京铜锅涮肉,海淀区文慧园西路远洋风景东门对面,老北京火锅,0.0,4.2,12,西直门/动物园
小胖特色焖锅（清华大学店）,海淀区中关村北大街18号地下一层B06号,焖锅,0.0,0.0,0,五道口
1905旋转小火锅,海淀区中国农业大学学生2号公寓南楼,小火锅,0.0,0.0,0,五道口
花间沐冬阴功海鲜火锅,海淀区颐和园路208号龙湖星悦荟二楼,海鲜火锅,0.0,4.0,0,颐和园
淘汰郎小火锅（海淀二店）,海淀区学院路甲5号15幢一、二层,涮涮锅,80.0,4.0,0,五道口
百旺三人行市井火锅（五道口店）,海淀区成府路清华大学五道口金融学院南门旁,重庆火锅,80.0,0.0,0,五道口
黄记煌三汁焖锅（中发百旺商城店）,海淀区圆明园西路18号中发百旺商城5层,焖锅,79.0,4.2,2541,上地
虾吃虾涮（知春路店）,海淀区罗庄西里5号楼（亿客家宾馆）,虾蟹火锅,75.0,4.4,2498,知春路
马路边边串串香（五棵松店）,海淀区玉渊潭南路瑞丰美食新天地2楼,串串香,102.0,4.5,162,五棵松
懒熊火锅（双井物美店）,海淀区远大路贵友大厦B1卜蜂莲花内,生鲜,0.0,3.8,0,远大路
陈阿婆总后店,海淀区复兴路22号院30号楼一楼,重庆火锅,0.0,3.8,0,公主坟/万寿路
羊蝎子,海淀区魏公村民族大学北路10号,羊蝎子火锅,0.0,0.0,0,魏公村
鸭爪爪火锅,海淀区海淀中街6号,四川火锅,0.0,3.0,0,中关村
鸭儿李记涮肉,海淀区阜成路北三街,老北京火锅,0.0,0.0,0,航天桥
313羊庄（上地店）,海淀区上地信息路科实大厦底商,牛羊肉火锅,97.0,4.8,152,上地
老北京兴缘斋涮羊肉（甘家口店）,海淀区三里河路7号19幢,老北京火锅,92.0,4.4,718,海淀区
清真风味羊羯子,海淀区上地十街1院3号楼附近,羊蝎子火锅,0.0,0.0,0,上地
汕头八合里海记牛肉店,海淀区中关村壹号,潮汕牛肉火锅,0.0,4.1,0,海淀区
倍有饭焖锅,海淀区北京市海淀区农大南路88号万霖大厦负一层万霖美食城,焖锅,0.0,0.0,0,上地
羊蝎子馆（彰化路店）,海淀区曙光花园,羊蝎子火锅,0.0,0.0,0,四季青
三只羊老北京涮肉（马连洼店）,海淀区马连洼北路与竹园中街交叉口往南50米路西（竹园30号楼一层103）,老北京火锅,114.0,4.7,16,农业大学西区
馋嘴鱼火锅,海淀区学院南路明光村2号（金辉大酒店斜对面）,火锅,56.0,3.9,3,北下关
凝小杰火锅杯（食宝街店）,海淀区中关村食宝街,四川火锅,0.0,0.0,0,中关村
大同自助旋转小火锅,海淀区悦动全民健身中心（大同小厨内）,自助火锅,0.0,3.7,0,农业大学西区
焖三国·铁锅焖面（四道口店）,海淀区北三环西路甲18号中鼎大厦A座-101,焖锅,0.0,4.1,0,北下关
重庆正宗片片鱼,海淀区西北旺镇冷泉西街,鱼火锅,0.0,0.0,0,海淀区
聚贤骨头庄（马连洼店）,海淀区马连洼北路万霖科技大厦B座1层107,羊蝎子火锅,98.0,3.5,9,上地
自助小火锅（青年政治学院第七食堂）,海淀区西三环北路25号青年政治学院第七食堂,自助火锅,0.0,0.0,0,紫竹桥
重庆地瓜老火锅,海淀区文慧园56号公寓小区39-1号,重庆火锅,0.0,0.0,0,北下关
黄记煌三汁焖锅（中发百旺商城店）,海淀区圆明园西路18号中发百旺商城5层,焖锅,79.0,4.2,2541,上地
虾吃虾涮（知春路店）,海淀区罗庄西里5号楼（亿客家宾馆）,虾蟹火锅,75.0,4.4,2498,知春路
马路边边串串香（五棵松店）,海淀区玉渊潭南路瑞丰美食新天地2楼,串串香,102.0,4.5,162,五棵松
懒熊火锅（双井物美店）,海淀区远大路贵友大厦B1卜蜂莲花内,生鲜,0.0,3.8,0,远大路
陈阿婆总后店,海淀区复兴路22号院30号楼一楼,重庆火锅,0.0,3.8,0,公主坟/万寿路
羊蝎子,海淀区魏公村民族大学北路10号,羊蝎子火锅,0.0,0.0,0,魏公村
鸭爪爪火锅,海淀区海淀中街6号,四川火锅,0.0,3.0,0,中关村
鸭儿李记涮肉,海淀区阜成路北三街,老北京火锅,0.0,0.0,0,航天桥
313羊庄（上地店）,海淀区上地信息路科实大厦底商,牛羊肉火锅,97.0,4.8,152,上地
老北京兴缘斋涮羊肉（甘家口店）,海淀区三里河路7号19幢,老北京火锅,92.0,4.4,718,海淀区
清真风味羊羯子,海淀区上地十街1院3号楼附近,羊蝎子火锅,0.0,0.0,0,上地
汕头八合里海记牛肉店,海淀区中关村壹号,潮汕牛肉火锅,0.0,4.1,0,海淀区
倍有饭焖锅,海淀区北京市海淀区农大南路88号万霖大厦负一层万霖美食城,焖锅,0.0,0.0,0,上地
羊蝎子馆（彰化路店）,海淀区曙光花园,羊蝎子火锅,0.0,0.0,0,四季青
三只羊老北京涮肉（马连洼店）,海淀区马连洼北路与竹园中街交叉口往南50米路西（竹园30号楼一层103）,老北京火锅,114.0,4.7,16,农业大学西区
馋嘴鱼火锅,海淀区学院南路明光村2号（金辉大酒店斜对面）,火锅,56.0,3.9,3,北下关
凝小杰火锅杯（食宝街店）,海淀区中关村食宝街,四川火锅,0.0,0.0,0,中关村
大同自助旋转小火锅,海淀区悦动全民健身中心（大同小厨内）,自助火锅,0.0,3.7,0,农业大学西区
焖三国·铁锅焖面（四道口店）,海淀区北三环西路甲18号中鼎大厦A座-101,焖锅,0.0,4.1,0,北下关
重庆正宗片片鱼,海淀区西北旺镇冷泉西街,鱼火锅,0.0,0.0,0,海淀区
聚贤骨头庄（马连洼店）,海淀区马连洼北路万霖科技大厦B座1层107,羊蝎子火锅,98.0,3.5,9,上地
自助小火锅（青年政治学院第七食堂）,海淀区西三环北路25号青年政治学院第七食堂,自助火锅,0.0,0.0,0,紫竹桥
重庆地瓜老火锅,海淀区文慧园56号公寓小区39-1号,重庆火锅,0.0,0.0,0,北下关
麻辣1号火锅杯,海淀区双榆树青年公寓招待所一层西边,麻辣烫,0.0,0.0,0,双榆树
新新火锅,海淀区龙泉驾校,火锅,0.0,0.0,0,西北旺
老山城独一号火锅鸡万霖科技店,海淀区马连洼北路万霖科技大厦A座,火锅,0.0,0.0,0,上地
北齐牛国产安格斯黑牛肉,海淀区四季青曙光花园,四川火锅,0.0,0.0,0,四季青
宽板凳老灶火锅（北清路店）,海淀区西北旺镇永丰路与北清路交叉口用友软件园B1层,重庆火锅,0.0,0.0,0,西北旺
老北京涮肉,海淀区温泉镇温泉村温泉路,老北京火锅,0.0,0.0,0,海淀区
麻辣涮串（西二旗店）,海淀区西二旗西路 领秀新硅谷-B区,小火锅,0.0,0.0,0,上地
汤骑士猪肚鸡汤饭（海淀店）,海淀区地锦路7号院15幢-101,猪肚鸡火锅,0.0,0.0,0,海淀区
泥锅麻辣串,海淀区安宁庄后街2号3栋105室,串串香,60.0,4.7,154,清河
凝小杰火锅杯（食宝街店）,海淀区中关村食宝街,四川火锅,0.0,0.0,0,中关村
大同自助旋转小火锅,海淀区悦动全民健身中心（大同小厨内）,自助火锅,0.0,3.7,0,农业大学西区
焖三国·铁锅焖面（四道口店）,海淀区北三环西路甲18号中鼎大厦A座-101,焖锅,0.0,4.1,0,北下关
重庆正宗片片鱼,海淀区西北旺镇冷泉西街,鱼火锅,0.0,0.0,0,海淀区
聚贤骨头庄（马连洼店）,海淀区马连洼北路万霖科技大厦B座1层107,羊蝎子火锅,98.0,3.5,9,上地
自助小火锅（青年政治学院第七食堂）,海淀区西三环北路25号青年政治学院第七食堂,自助火锅,0.0,0.0,0,紫竹桥
重庆地瓜老火锅,海淀区文慧园56号公寓小区39-1号,重庆火锅,0.0,0.0,0,北下关
麻辣1号火锅杯,海淀区双榆树青年公寓招待所一层西边,麻辣烫,0.0,0.0,0,双榆树
新新火锅,海淀区龙泉驾校,火锅,0.0,0.0,0,西北旺
老山城独一号火锅鸡万霖科技店,海淀区马连洼北路万霖科技大厦A座,火锅,0.0,0.0,0,上地
北齐牛国产安格斯黑牛肉,海淀区四季青曙光花园,四川火锅,0.0,0.0,0,四季青
宽板凳老灶火锅（北清路店）,海淀区西北旺镇永丰路与北清路交叉口用友软件园B1层,重庆火锅,0.0,0.0,0,西北旺
老北京涮肉,海淀区温泉镇温泉村温泉路,老北京火锅,0.0,0.0,0,海淀区
麻辣涮串（西二旗店）,海淀区西二旗西路 领秀新硅谷-B区,小火锅,0.0,0.0,0,上地
汤骑士猪肚鸡汤饭（海淀店）,海淀区地锦路7号院15幢-101,猪肚鸡火锅,0.0,0.0,0,海淀区
泥锅麻辣串,海淀区安宁庄后街2号3栋105室,串串香,60.0,4.7,154,清河
麻辣酷串串香,海淀区圆明园西路百旺商城-01层,串串香,0.0,0.0,0,上地
宫府重庆老火锅,海淀区上庄乡上庄路上庄村北口303车站旁平房,四川火锅,0.0,0.0,0,海淀区
岩串串（凯时美食城店）,海淀区清华东路甲1号B201,串串香,58.0,4.1,40,五道口
隆门阵干锅鸭头·火锅涮肉,海淀区皂君庙路103号,干锅/香锅,94.0,4.4,4,北下关
阿龙骨头庄,海淀区新都路西三旗建材城新东环岛东第一个红绿灯,火锅,47.0,4.3,0,海淀区
劳道（理工大学店）,海淀区北京理工大学中关村校区国防科技园5号楼1层,火锅,0.0,0.0,0,魏公村
巴氏老城区·铜炉蛙锅（上地店）,海淀区农大南路1号院华联购物中心4楼,火锅,117.0,4.5,26,上地
渝三爷芋儿鸡（牡丹园店）,海淀区同观商业中心,芋儿鸡,0.0,0.0,0,牡丹园/北太平庄
新添羊蝎子火锅,海淀区旱河路305号附近,羊蝎子火锅,0.0,3.0,0,田村
老五串串香,昌平区西三旗新康园西,串串香,0.0,3.7,0,西三旗
悦羊天涮羊肉,海淀区友谊路10号友谊嘉园2期1号楼,老北京火锅,63.0,4.3,28,海淀区
渝来顺酸菜鱼（第5档口饭哲美食城店）,海淀区地锦路9号院16幢-113,鱼火锅,0.0,0.0,0,海淀区
川巴子火锅,海淀区龙岗路与永泰庄东路交汇处北行20米路西,川味火锅,82.0,4.5,180,清河
清欢海鲜自助火锅,海淀区中关村东路中关村南一条甲2号骏马国际酒店一层东侧,自助海鲜,192.0,4.6,111,中关村
蒸汽石锅鱼（健德门店）,海淀区牡丹园东街甲12号（健德门桥往西100米第一个红绿灯往北200米路东）,鱼火锅,75.0,4.5,465,牡丹园/北太平庄
玩儿串串,海淀区树村公园,串串香,0.0,0.0,0,上地
川巴子火锅,海淀区龙岗路与永泰庄东路交汇处北行20米路西,川味火锅,82.0,4.5,180,清河
清欢海鲜自助火锅,海淀区中关村东路中关村南一条甲2号骏马国际酒店一层东侧,自助海鲜,192.0,4.6,111,中关村
蒸汽石锅鱼（健德门店）,海淀区牡丹园东街甲12号（健德门桥往西100米第一个红绿灯往北200米路东）,鱼火锅,75.0,4.5,465,牡丹园/北太平庄
玩儿串串,海淀区树村公园,串串香,0.0,0.0,0,上地
沸腾庭院美蛙鱼头（知春路店）,海淀区知春路17号一层左侧（知春嘉园底商）,重庆火锅,106.0,4.7,82,知春路
4.5火锅杯,海淀区阜成路22号北平房105,火锅,0.0,0.0,0,航天桥
沙枣花旋转小火锅,海淀区北分厂家属区西,小火锅,0.0,0.0,0,海淀区
聚宝源（西直门店）,海淀区嘉苑饭店一层,老北京火锅,0.0,0.0,0,北下关
千牛刀·霸气牛肉锅（六道口店）,海淀区圣熙8号购物中心2号楼1层,牛羊肉火锅,0.0,0.0,0,五道口
呷哺呷哺（鼎好店）,海淀区海淀大街3号中关村西区鼎好电子大厦502号,小火锅,55.0,4.1,54,中关村
四海一家,海淀区曙光街道北四环西路89号院旁,火锅,0.0,0.0,0,颐和园
东来顺（五道口店）,海淀区清华科技园,老北京火锅,0.0,3.9,0,五道口
火锅店（万柳店）,海淀区北京大学万柳学区,火锅,0.0,0.0,0,万柳
草原传奇涮肉城,海淀区温泉路南50米,老北京火锅,0.0,0.0,0,海淀区
蜀山王婆大虾（四季青店）,海淀区四季青闵庄南路天香颐北里17号楼A座,虾蟹火锅,0.0,0.0,0,四季青
喔喔火锅外送（中关村）,海淀区海淀南路19号时代网络大厦金福盛悦美食城一层,涮涮锅,0.0,0.0,0,中关村
月半孃孃火锅杯小食店,海淀区羊坊店路18号,涮涮锅,0.0,0.0,0,北京西站/军博
老诚一锅,海淀区白家疃路东口,羊蝎子火锅,0.0,0.0,0,海淀区
四季小馆,海淀区和庆斋（体育大学店）,火锅,0.0,4.2,0,五道口
可心久久鸭,海淀区玉海园,火锅,0.0,0.0,0,五棵松
北华阳坊涮肉,海淀区颐和园路11号101中学向西（一亩园）,老北京火锅,50.0,4.1,15,颐和园
乐天府重庆火锅,海淀区海淀南路4号,重庆火锅,36.0,3.7,40,中关村
玩儿串串（五棵松沃尔玛店）,海淀区西翠路5号18幢-01层28号,串串香,0.0,4.2,0,五棵松
313羊庄,海淀区西四环北路,牛羊肉火锅,0.0,0.0,0,海淀区
鱼果酸菜鱼火锅（华奥美食城店）,海淀区紫竹院路31号统杰法宝超市地下一层,鱼火锅,0.0,0.0,0,紫竹桥
火辣壹号重庆火锅,海淀区台头村公交站,重庆火锅,0.0,0.0,0,海淀区
老诚一锅羊蝎子,海淀区交大东路南口31号,羊蝎子火锅,0.0,0.0,0,北下关
老北京火锅烤肉,海淀区复兴路甲36号百朗园大厦B座2层（永定路口西南角）,韩式烤肉,66.0,4.1,9715,五棵松
小月君肝火锅,海淀区学清路裕京大厦41号小郡肝串串店,串串香,0.0,4.1,0,五道口
香港草根食堂,海淀区科学院南路2号院1号楼-1层-115,港式火锅,73.0,4.1,3,中关村
鼎级香涮烤火锅,海淀区大慧寺12号院,火锅,0.0,3.9,0,魏公村
龙船码头·成都醉美火锅,海淀区科学院南路26号,四川火锅,0.0,0.0,0,双榆树
老诚一锅羊蝎子,海淀区交大东路南口31号,羊蝎子火锅,0.0,0.0,0,北下关
老北京火锅烤肉,海淀区复兴路甲36号百朗园大厦B座2层（永定路口西南角）,韩式烤肉,66.0,4.1,9715,五棵松
小月君肝火锅,海淀区学清路裕京大厦41号小郡肝串串店,串串香,0.0,4.1,0,五道口
香港草根食堂,海淀区科学院南路2号院1号楼-1层-115,港式火锅,73.0,4.1,3,中关村
鼎级香涮烤火锅,海淀区大慧寺12号院,火锅,0.0,3.9,0,魏公村
龙船码头·成都醉美火锅,海淀区科学院南路26号,四川火锅,0.0,0.0,0,双榆树
龙船码头·成都醉美火锅,海淀区双清路西王庄五号楼,四川火锅,0.0,0.0,0,五道口
潮汕牛肉火锅高兴壹锅,海淀区学清路甲18号中关村东升科技园学院一层A区,潮汕牛肉火锅,0.0,0.0,0,五道口
铜锅涮肉,海淀区香山路一棵松甲1号,老北京火锅,0.0,0.0,0,香山/植物园
锡盟草原羊肉,海淀区莲宝路10号院,牛羊肉火锅,0.0,0.0,0,北京西站/军博
穆禾家清真转转小火锅,海淀区龙翔路15号,小火锅,0.0,0.0,0,牡丹园/北太平庄
阳坊涮肉,海淀区安宁庄北里8号,老北京火锅,0.0,0.0,0,清河
涮烤食材,海淀区大牛坊社区3期（永丰路西）,重庆火锅,87.0,4.2,0,上庄
天桥爆肚王,丰台区南苑和义庄1幢平房东排108号,羊蝎子火锅,0.0,0.0,0,五棵松
包包火锅店,海淀区西土城路十号,重庆火锅,0.0,0.0,0,大钟寺
万象火锅店,海淀区温泉村西口,火锅,0.0,0.0,0,海淀区
陈阿婆·酸菜鱼丸火锅,海淀区永定路88号1层103,川味火锅,60.0,4.5,0,五棵松
老佛爷铜炉蛙锅,海淀区丽泽桥顺和财富中心底商。,炭火锅,0.0,0.0,0,五道口
成都市井火锅串串,海淀区北京林业大学,小火锅,0.0,3.8,0,五道口
大拇指涮涮锅,海淀区韩家川村青年公寓6号,涮涮锅,0.0,0.0,0,百望山森林公园/309医院
北华涮肉,海淀区农大南路海阔信商业广场,火锅,95.0,4.2,9,上地
正院珍味鲜海鲜火锅店,海淀区首体南路甲20号正院大宅门3层,海鲜火锅,0.0,0.0,0,航天桥
欢乐汇,海淀区学清路甲8号商业广场2号楼二三层,小火锅,0.0,3.8,1,五道口
北京恒泰人合火锅店,海淀区海淀区国际软件大厦,四川火锅,0.0,0.0,0,上地
串串火锅,海淀区北京邮电大学,小火锅,0.0,0.0,0,北下关
718火锅,海淀区成府路99号,重庆火锅,0.0,0.0,0,中关村
驴仙火锅店（宝盛里店）,海淀区清河永泰庄东路,四川火锅,0.0,0.0,0,清河
尚岐火锅店,海淀区西北旺屯佃村东口,火锅,0.0,0.0,0,西北旺
老三火锅店,海淀区龙域中路,水果,0.0,0.0,0,回龙观
香满诱惑火锅城,海淀区清华东路二里庄北口小月河东路学生公寓旁边（东边红星美凯龙西边农业大学东门）,烤鱼,0.0,4.0,159,五道口
鑫方老鸭汤火锅·羊蝎子,海淀区航天桥网鱼网咖,羊蝎子火锅,0.0,0.0,0,航天桥
沸炉火锅,海淀区花园东路31-1号,四川火锅,0.0,0.0,0,牡丹园/北太平庄
成都市井火锅串串,海淀区北京林业大学,小火锅,0.0,3.8,0,五道口
大拇指涮涮锅,海淀区韩家川村青年公寓6号,涮涮锅,0.0,0.0,0,百望山森林公园/309医院
北华涮肉,海淀区农大南路海阔信商业广场,火锅,95.0,4.2,9,上地
正院珍味鲜海鲜火锅店,海淀区首体南路甲20号正院大宅门3层,海鲜火锅,0.0,0.0,0,航天桥
欢乐汇,海淀区学清路甲8号商业广场2号楼二三层,小火锅,0.0,3.8,1,五道口
北京恒泰人合火锅店,海淀区海淀区国际软件大厦,四川火锅,0.0,0.0,0,上地
串串火锅,海淀区北京邮电大学,小火锅,0.0,0.0,0,北下关
718火锅,海淀区成府路99号,重庆火锅,0.0,0.0,0,中关村
驴仙火锅店（宝盛里店）,海淀区清河永泰庄东路,四川火锅,0.0,0.0,0,清河
尚岐火锅店,海淀区西北旺屯佃村东口,火锅,0.0,0.0,0,西北旺
老三火锅店,海淀区龙域中路,水果,0.0,0.0,0,回龙观
香满诱惑火锅城,海淀区清华东路二里庄北口小月河东路学生公寓旁边（东边红星美凯龙西边农业大学东门）,烤鱼,0.0,4.0,159,五道口
鑫方老鸭汤火锅·羊蝎子,海淀区航天桥网鱼网咖,羊蝎子火锅,0.0,0.0,0,航天桥
沸炉火锅,海淀区花园东路31-1号,四川火锅,0.0,0.0,0,牡丹园/北太平庄
成都风味火锅,海淀区四季青镇巨山路99号,四川火锅,0.0,0.0,0,田村
众德火锅,海淀区巨山路锦绣大地物流港5BT03号,四川火锅,0.0,0.0,0,田村
XIAPAI重庆-火锅,海淀区塔院小区,重庆火锅,0.0,0.0,0,牡丹园/北太平庄
pickMe火锅杯,海淀区皂君庙14号院鑫雅苑小区5号楼2层东升地区,小火锅,0.0,0.0,0,大钟寺
香辣虾火锅（巴沟路）,海淀区巴沟路万柳华联西北100米,火锅,0.0,0.0,0,万柳
桌小小·方便火锅（四道口店）,海淀区皂君庙14号院鑫雅苑小区5号楼,四川火锅,0.0,0.0,0,北下关
家的味道（五棵松店）,海淀区北太平路16号院社区食堂,火锅,0.0,0.0,0,五棵松
贺兰天边餐厅,海淀区北京世纪金源大饭店69号b1层能量城市店,火锅,0.0,0.0,0,远大路
火锅川湘菜手擀面,海淀区羊坊店北蜂窝路101号院羊坊店居民楼小区,其他美食,0.0,0.0,0,北京西站/军博
巷子里火锅粉（开州城美食城店）,海淀区万泉河路68号,米粉,0.0,0.0,0,苏州桥
同福园,海淀区霍营黄平路,川味火锅,0.0,0.0,0,西三旗
路南老城一锅（海淀店）,海淀区静淑东里1,羊蝎子火锅,0.0,0.0,0,五道口
巴奴（世纪金源购物中心店）,海淀区蓝靛厂晨月园甲3号,川味火锅,0.0,0.0,0,远大路
清河橡树湾,海淀区学府树中街22号院1号楼1-2层105,羊蝎子火锅,0.0,0.0,0,清河
羊蝎子铁锅柴鸡（永大路）,海淀区西北旺镇永大路60号,羊蝎子火锅,0.0,0.0,0,西北旺
鑫汇丰骨头庄羊蝎子铁锅柴,海淀区玉河路中国体育彩票旁,羊蝎子火锅,0.0,0.0,0,上庄
程锦云,海淀区魏公村街1号,羊蝎子火锅,0.0,0.0,0,魏公村
金和发,海淀区上地10街,川味火锅,0.0,0.0,0,上地
羊蝎子铁锅柴鸡（永大路）,海淀区西北旺镇永大路60号,羊蝎子火锅,0.0,0.0,0,西北旺
鑫汇丰骨头庄羊蝎子铁锅柴,海淀区玉河路中国体育彩票旁,羊蝎子火锅,0.0,0.0,0,上庄
程锦云,海淀区魏公村街1号,羊蝎子火锅,0.0,0.0,0,魏公村
金和发,海淀区上地10街,川味火锅,0.0,0.0,0,上地
悠涮派,海淀区海淀大街中关村e世界,特色火锅,0.0,0.0,0,中关村
一锅一煮（憨林福超市店）,海淀区蓝靛厂西路烟树园小区,羊蝎子火锅,0.0,0.0,0,四季青
李记羊蝎子,海淀区沙阳路南100米,羊蝎子火锅,0.0,0.0,0,上庄
hi 辣椒,海淀区北京市海淀区数字山谷B区2号楼五层,川味火锅,0.0,0.0,0,上地
囍筵匠心,海淀区海淀区北影小区77号院,特色火锅,40.0,0.0,0,牡丹园/北太平庄
比如部落,海淀区韦博时代大厦c座,川味火锅,0.0,0.0,0,中关村
诚一锅羊蝎子（香四溢美食城店）,海淀区五道口新村4号2栋一层,羊蝎子火锅,0.0,0.0,0,五道口
铜鼓涮肉,海淀区文慧园西路,羊蝎子火锅,0.0,0.0,0,北下关
茅香天下,海淀区地锦路7号院14号楼五层501,川味火锅,0.0,0.0,0,海淀区
贾府羊蝎子,海淀区四季青巨山路76号院,羊蝎子火锅,0.0,0.0,0,四季青
王婆香辣虾火锅烤鱼（第4档口+吃美了美食城店）,海淀区四道口路大钟寺村13号8幢02号,烤鱼,0.0,0.0,0,北下关
1990小郡肝串串香（中关村店）,海淀区中关村南路51号沿街底商（近中关村医院、清华、北大、人民大学、）,重庆火锅,86.0,4.7,846,中关村
云南生态火锅,海淀区黑泉路兴美大厦北座一层,云南火锅,0.0,4.0,0,海淀区
10堂火锅（第一干休所店）,海淀区采石路太平路50号院（第一干休所内食堂一层，十一中学南门对面，生活服务中心一层）,川味火锅,80.0,0.0,0,青塔
雄宇火锅专卖,海淀区锦绣大地物流港5-033,四川火锅,0.0,0.0,0,田村
麻辣烫小火锅,海淀区韩家川路靠近国花幼儿园,小火锅,0.0,0.0,0,百望山森林公园/309医院
石灰市老火锅,海淀区吴家场路莲花池盛今佳园1号院4号楼底商,重庆火锅,0.0,0.0,0,北京西站/六里桥
老掌柜重庆火锅,海淀区秋果酒店（北京五棵松301医院店）,重庆火锅,0.0,0.0,0,五棵松
嗣宝火锅专卖,海淀区锦绣大地物流港5B043,火锅,0.0,0.0,0,田村
君喜铜火锅,海淀区巨山路锦绣大地物流港5B056号,炭火锅,0.0,0.0,0,田村
火锅烧烤（永丰屯店）,海淀区倾心悦家的民宿（小汤山温泉度假区店）,烤串,0.0,0.0,0,西北旺
串串香,海淀区上庄东岳庙东北50米,串串香,0.0,0.0,0,上庄
锅小福三汁小焖锅（四道口店）,海淀区四道口2号院1号楼二层202号,焖锅,0.0,0.0,0,北下关
串串香,海淀区王庄路（北京振中天利科技有限公司）,串串香,0.0,0.0,0,五道口
乐者小院,海淀区苏家坨镇七王坟路红绿灯南五十米,特色火锅,0.0,3.5,0,海淀区
鲶鱼火锅家常菜,海淀区清河朱房后街,家常菜,0.0,4.0,0,清河
川乡人家,海淀区文慧园西路15号,川菜,45.0,3.9,49,西直门/动物园
小辣渡火锅冒菜（双榆树店）,海淀区双榆树街道知春里9号楼东侧1幢1层103,冒菜,0.0,4.0,0,双榆树
鲶鱼火锅家常菜,海淀区清河朱房后街,家常菜,0.0,4.0,0,清河
川乡人家,海淀区文慧园西路15号,川菜,45.0,3.9,49,西直门/动物园
小辣渡火锅冒菜（双榆树店）,海淀区双榆树街道知春里9号楼东侧1幢1层103,冒菜,0.0,4.0,0,双榆树
王婆大虾虾火锅（定海园店）,海淀区经海五路乐酷动漫电玩城一楼底商,海鲜火锅,0.0,0.0,0,北京西站/六里桥
博捷建新馒头火锅小吃,海淀区前章村路前章村公交站,四川火锅,0.0,0.0,0,上庄
重庆小面火锅,海淀区西山壹号院南区,川味火锅,0.0,0.0,0,西北旺
鍋本舖-來自台灣的小火鍋,海淀区花园路2号商业楼一层,小火锅,0.0,0.0,0,牡丹园/北太平庄
都邑府·巴蜀老火锅·蒙古烧烤,海淀区北京市海淀区中关村南大街魏公村11号,重庆火锅,0.0,0.0,0,魏公村
回家湘菜馆羊蝎子火锅,海淀区正大电器东北100米（永大路）,羊蝎子火锅,0.0,0.0,0,海淀区
原味香羊蝎子火锅,海淀区太平路27号院,羊蝎子火锅,0.0,0.0,0,五棵松
功夫潮牛潮汕牛肉火锅（入口）,海淀区上地西路,潮汕牛肉火锅,0.0,0.0,0,上地
海盗虾饭·小龙虾饭（上地华联店）,海淀区农大南路1号硅谷亮城,火锅,0.0,0.0,0,上地
川蜀火锅串串香,海淀区碧水家园,串串香,0.0,0.0,0,中关村
火锅家常菜,海淀区上庄路屯田地铁站附近,家常菜,0.0,0.0,0,西北旺
火锅鲜食材,海淀区中关村大街40号t11超市,菜市场,0.0,0.0,0,双榆树
酸菜小鱼爱酸汤肥羊,海淀区凯德晶品购物中心,牛羊肉火锅,0.0,0.0,0,公主坟/万寿路
牛肉羊肉羊肉片,海淀区杏石口路69号附近,牛羊肉火锅,0.0,0.0,0,田村
兄弟飘香鱼,海淀区白家疃尚品园,鱼火锅,0.0,0.0,0,海淀区
酱牛肉,海淀区园北快捷酒店,鱼火锅,0.0,0.0,0,牡丹园/北太平庄
蜀片鱼味馆,海淀区物美慧科大厦,鱼火锅,0.0,0.0,0,四季青
溢羊千喜,海淀区尚东数字山谷,牛羊肉火锅,0.0,0.0,0,上地
清真老马富贵拉面,海淀区北京市海淀区香山南路42号,牛羊肉火锅,0.0,0.0,0,香山/植物园
嗨锅鱼,海淀区小米移动互联网产业园,鱼火锅,0.0,0.0,0,上地
犟進酒卤牛精酿小馆,海淀区世纪金源购物中心5层,牛羊肉火锅,0.0,0.0,0,远大路
川国煮意,海淀区四季青镇北坞嘉园南里35号楼一层107-2室,四川火锅,0.0,0.0,0,颐和园
蛙绝鸡（农科院店）,海淀区北京市海淀区中关村南大街12号中国农业科学院幼儿园,鱼火锅,0.0,0.0,0,魏公村
老北京火锅烤肉,海淀区复兴路甲36号百朗园大厦B座2层,老北京火锅,71.0,4.2,37,五棵松
乐山跷脚牛肉,海淀区长银大厦,汤锅,0.0,0.0,0,五棵松
炸串串串香（韩家川店）,海淀区韩家川125号,串串香,0.0,0.0,0,百望山森林公园/309医院
轻机厂小月君肝串串香,海淀区恩济西园十号楼19区102,串串香,0.0,0.0,0,四季青
片场串串香,海淀区阜成路与阜成路辅路交叉口裕美达写字楼西,串串香,0.0,0.0,0,四季青
香稻你常来稻你心里来,海淀区闵庄路甲18号院,焖锅,0.0,0.0,0,颐和园
清真老马富贵拉面,海淀区北京市海淀区香山南路42号,牛羊肉火锅,0.0,0.0,0,香山/植物园
嗨锅鱼,海淀区小米移动互联网产业园,鱼火锅,0.0,0.0,0,上地
犟進酒卤牛精酿小馆,海淀区世纪金源购物中心5层,牛羊肉火锅,0.0,0.0,0,远大路
川国煮意,海淀区四季青镇北坞嘉园南里35号楼一层107-2室,四川火锅,0.0,0.0,0,颐和园
蛙绝鸡（农科院店）,海淀区北京市海淀区中关村南大街12号中国农业科学院幼儿园,鱼火锅,0.0,0.0,0,魏公村
老北京火锅烤肉,海淀区复兴路甲36号百朗园大厦B座2层,老北京火锅,71.0,4.2,37,五棵松
乐山跷脚牛肉,海淀区长银大厦,汤锅,0.0,0.0,0,五棵松
炸串串串香（韩家川店）,海淀区韩家川125号,串串香,0.0,0.0,0,百望山森林公园/309医院
轻机厂小月君肝串串香,海淀区恩济西园十号楼19区102,串串香,0.0,0.0,0,四季青
片场串串香,海淀区阜成路与阜成路辅路交叉口裕美达写字楼西,串串香,0.0,0.0,0,四季青
香稻你常来稻你心里来,海淀区闵庄路甲18号院,焖锅,0.0,0.0,0,颐和园
鲍汁焖鸡,海淀区信息路甲9号,焖锅,0.0,0.0,0,上地
宏福山珍,海淀区阜石路锦绣大地电子商务在线,汤锅,0.0,0.0,0,田村
2-8串串,海淀区泰山饭店,串串香,0.0,0.0,0,西三旗
乐牛香跷脚牛肉,海淀区知春路地铁站出口处五道口集贸中心,汤锅,0.0,0.0,0,知春路
浅笑串串香（中关村南店）,海淀区北京市海淀区中关村南四街323号楼桃丝主题酒店,串串香,0.0,0.0,0,五道口
馋掉牙（1店）,海淀区上地十街信息路甲9号,焖锅,0.0,0.0,0,上地
焖三国·铁锅焖面（安宁庄店）,海淀区安宁庄后街2号1栋103室,焖锅,0.0,0.0,0,清河
心乐怡箭头巴脑老鸭汤,海淀区亮甲店路,汤锅,0.0,0.0,0,西北旺
路边摊麻辣串串香（正兴美食街店）,海淀区中关村科贸电子城地下一层正兴美食街内,串串香,0.0,0.0,0,中关村
大鹏餐厅,海淀区小南庄23号楼,重庆火锅,0.0,0.0,0,万柳
youxi（youxi）,海淀区甘家口21号商务楼4层（甘家口大厦南侧西行200米）,小火锅,0.0,0.0,0,航天桥
唇湘小炒（世纪金源店）,海淀区远大路28号,重庆火锅,0.0,0.0,0,远大路
高兴认识你,海淀区花园路街道知春路42,火锅,0.0,0.0,0,知春路
福益盛主食,海淀区香山南路2号,火锅,0.0,0.0,0,香山/植物园
良皮壹,海淀区田村路街道永定河路136,火锅,0.0,0.0,0,四季青
琦萱阁涮肉,海淀区沙阳路北50米,火锅,0.0,0.0,0,上庄
文翰园,海淀区清河街道朱房前街57,火锅,0.0,0.0,0,清河
Dhjbvcgjbbvv,海淀区永大路与永丰路交汇处西北角,火锅,0.0,0.0,0,上庄
京工鲜生,海淀区北太平庄街道文慧园西路12-1号,火锅,0.0,0.0,0,北下关
飘香骨头锅,海淀区东北旺南路1号院,火锅,0.0,0.0,0,上地
璐璐,海淀区厢红旗,火锅,0.0,0.0,0,颐和园
